Tanggal,Suhu Rata-rata,Suhu Maksimum,Suhu Minimum,Kelembapan,Kecepatan Angin,Jarak Pandang,Hujan
2019-01-01,26.3,30.4,24,82,6.3,6.1,Ya
2019-01-02,28.2,33,24.2,74,9.4,6.4,Ya
2019-01-03,29,33.4,24.6,66,9.6,6.4,Tidak
2019-01-04,29.9,33.8,24.8,61,10.9,7.1,Tidak
2019-01-05,29.1,33.4,26.4,71,3.9,6.4,Tidak
2019-01-06,29.8,32.6,26.6,71,4.6,6.9,Tidak
2019-01-07,29.2,33.2,25.6,77,6.5,6.4,Tidak
2019-01-08,28.3,32,25,77,4.8,6.3,Tidak
2019-01-09,28.1,32.4,25.2,84,6.9,6.3,Ya
2019-01-10,28.4,31.4,24,79,4.8,6.1,Ya
2019-01-11,29.1,31.6,25,75,4.3,6.6,Ya
2019-01-12,28.8,32,23.6,79,6.9,6.8,Ya
2019-01-13,27.5,31.4,25,80,3.9,6.1,Ya
2019-01-14,27.5,29.8,24,80,3.1,6.4,Ya
2019-01-15,28.8,32,26,75,8.9,6.4,Tidak
2019-01-16,27.8,29.4,26.2,83,3.7,6.4,Ya
2019-01-17,29.1,32,26,74,6.7,6.6,Tidak
2019-01-18,27.4,31.4,25.4,79,4.6,6.3,Ya
2019-01-19,27.3,30.6,24.6,80,4.4,6.4,Ya
2019-01-20,28.5,30.8,25.8,78,5.2,6.4,Tidak
2019-01-21,27.1,30.4,24.8,84,4.8,6.4,Ya
2019-01-22,26.2,29.2,24.6,88,3.7,5.6,Ya
2019-01-23,27.1,31.8,24,79,3.5,6.1,Ya
2019-01-24,27.4,31,24.8,81,9.4,6,Ya
2019-01-25,26.6,29.4,24,84,3.3,6,Ya
2019-01-26,28.2,30.4,24.6,82,7.4,6.3,Ya
2019-01-27,27.1,28.8,24.6,86,7,6.1,Ya
2019-01-28,27.7,30.4,25,78,5.7,6.8,Ya
2019-01-29,27.9,29.8,23.8,81,4.4,6.1,Ya
2019-01-30,27.9,31,23.8,77,3.9,6.6,Tidak
2019-01-31,27.2,30.8,25,83,4.3,6.3,Ya
2019-02-01,27.4,31,25,78,4.6,6.6,Ya
2019-02-02,28.5,30.8,25,77,5.6,6.4,Tidak
2019-02-03,28.1,31.4,25.8,81,3.7,6.4,Ya
2019-02-04,28.8,31.6,26.6,78,6.7,6.3,Tidak
2019-02-05,28.9,31.8,27,76,5,6.4,Ya
2019-02-06,28.1,31,26.2,78,3.9,6.9,Ya
2019-02-07,29,31.8,24,76,4.8,6.8,Tidak
2019-02-08,28.7,31.6,26.2,77,6.1,6.4,Tidak
2019-02-09,29.1,32,26.4,71,3.7,6.9,Tidak
2019-02-10,27.8,32.6,25,79,7.2,6.4,Ya
2019-02-11,27.8,31.6,25,81,5.6,6.4,Ya
2019-02-12,27.3,29.8,25.6,84,6.1,6.1,Ya
2019-02-13,28.2,32,24.8,73,3.7,6.8,Tidak
2019-02-14,29.2,31.8,25,75,2.8,6.4,Tidak
2019-02-15,28.1,30.2,25.7,80,4.3,6.1,Ya
2019-02-16,27.9,30.6,24.9,80,4.8,6.3,Ya
2019-02-17,28.4,30.8,24.6,75,4.6,6.4,Tidak
2019-02-18,29.2,32.2,25,76,4.8,6.4,Ya
2019-02-19,28.7,33,26.8,82,3.1,6.4,Ya
2019-02-20,27.9,31,26.4,83,3.1,6.3,Tidak
2019-02-21,27.5,31.4,25.8,85,3.5,6.3,Ya
2019-02-22,27.3,31,25,82,3.7,6.3,Ya
2019-02-23,28.1,30.8,24,81,7.2,6.4,Ya
2019-02-24,28.6,32,25.8,72,5,6.6,Tidak
2019-02-25,28.8,32.4,25,76,6.9,6.4,Tidak
2019-02-26,30.2,34,26.4,74,6.1,6.4,Tidak
2019-02-27,29.7,32.6,26,76,3.3,6.8,Ya
2019-02-28,29.3,32.6,26.6,79,4.3,6.4,Ya
2019-03-01,27.2,31,23.9,80,5.4,6.4,Ya
2019-03-02,28.9,31.8,23.8,77,8.5,6.6,Tidak
2019-03-03,26.2,29.8,24.2,87,6.1,6.3,Ya
2019-03-04,29.2,32,24.2,76,4.3,6.3,Ya
2019-03-05,27.7,31.6,24,81,2.4,6,Ya
2019-03-06,25.5,28,24.1,86,2.8,6,Ya
2019-03-07,27.5,30.4,24,79,3.1,6.4,Tidak
2019-03-08,29,32,25,76,10.7,6.6,Ya
2019-03-09,28.2,31.8,24.4,76,5.6,6.4,Ya
2019-03-10,28.2,32,25.6,73,4.8,6.8,Ya
2019-03-11,28.1,31.8,26,77,7,6.3,Ya
2019-03-12,26.9,30,24.8,84,8.9,6,Ya
2019-03-13,28.3,31.4,24.4,76,4.1,6.3,Ya
2019-03-14,28.8,32,24,68,3.7,6.4,Ya
2019-03-15,28.8,32.8,24.6,77,6.9,6.3,Tidak
2019-03-16,28.5,32.2,25,73,6.3,6.4,Tidak
2019-03-17,27.6,31.8,25.8,78,5,6.4,Ya
2019-03-18,28.4,32.8,25.4,74,4.8,6.6,Ya
2019-03-19,27.8,30.4,25.8,77,7.6,6.4,Tidak
2019-03-20,28.7,31.6,25,74,11.3,6.4,Tidak
2019-03-21,28.8,32.2,26.2,76,7,6.4,Tidak
2019-03-22,29.3,32.8,26.8,73,6.3,6.8,Ya
2019-03-23,29.3,33.8,27,73,9.3,6.3,Ya
2019-03-24,29.3,33.8,25,74,8.9,6.3,Tidak
2019-03-25,27.9,32.6,26,79,3.7,6.3,Ya
2019-03-26,28.6,33.2,25.6,78,7.2,6.1,Ya
2019-03-27,28.3,32.6,25,79,3.7,6.9,Tidak
2019-03-28,29,34.8,26.4,76,4.8,6.4,Ya
2019-03-29,28.9,33.2,25,75,8.5,6.4,Ya
2019-03-30,29.1,32.6,25.8,75,3.7,6.4,Ya
2019-03-31,28.6,32.6,25.8,76,3.7,6.3,Tidak
2019-04-01,27.5,32.6,25,75,4.6,6.8,Ya
2019-04-02,27.5,33,25,81,5.9,6.1,Ya
2019-04-03,28.6,32.8,25,80,6.7,6,Ya
2019-04-04,29.1,32.8,25.4,75,6.5,6.4,Ya
2019-04-05,28.7,32.2,26.8,79,7,6.3,Ya
2019-04-06,28.1,32.4,25.4,77,4.6,6.8,Ya
2019-04-07,28.4,32.8,25,79,4.3,6.4,Ya
2019-04-08,28.7,33.2,24.8,80,6.3,6,Tidak
2019-04-09,29.2,32.2,25,77,3.9,6.4,Tidak
2019-04-10,29.3,32.8,25,70,3.1,6.8,Tidak
2019-04-11,30.6,35.2,26,68,5.7,6.6,Tidak
2019-04-12,29.7,33,26.1,72,6.3,6.4,Tidak
2019-04-13,29.4,33.2,26.2,72,6.1,6.4,Ya
2019-04-14,29.8,34,25.8,67,4.3,6.9,Tidak
2019-04-15,28.7,33,26,80,6.3,6.4,Ya
2019-04-16,28.5,33.2,25,79,2.2,6.4,Ya
2019-04-17,29.9,32.4,26,76,3.5,6.4,Tidak
2019-04-18,30.3,34.6,26.4,74,6.7,6.4,Ya
2019-04-19,27.6,32,25,83,3.7,5.8,Ya
2019-04-20,28,30.8,25,84,3.5,6.3,Ya
2019-04-21,29.4,33.8,25.6,76,5.7,6.4,Tidak
2019-04-22,30.5,34.8,27.2,69,4.8,6.4,Tidak
2019-04-23,30.6,34.4,25.2,70,8,6.3,Tidak
2019-04-24,27.2,30.6,26,86,3.3,6,Ya
2019-04-25,29.6,34.2,26,75,5.7,6.3,Ya
2019-04-26,28.6,33.2,26,80,3.7,6.3,Ya
2019-04-27,28.1,30.8,26.2,83,5.6,6.4,Tidak
2019-04-28,28.6,31,26.6,83,3.5,6.4,Ya
2019-04-29,28.8,31.4,26.4,80,4.6,6.3,Ya
2019-04-30,28.1,31.6,26.4,85,4.8,6.1,Ya
2019-05-01,28.4,31.4,26,71,10.9,6.4,Tidak
2019-05-02,30.1,34.4,25.6,69,5.4,6.4,Tidak
2019-05-03,29.4,32.4,26.4,75,3.7,6.4,Ya
2019-05-04,29.5,32.6,27,79,5.6,6.3,Tidak
2019-05-05,28.7,32.6,26,77,6.7,6.3,Ya
2019-05-06,28.8,32,26.6,77,3.5,6.4,Tidak
2019-05-07,29.6,33.2,26.4,75,5.4,6.4,Tidak
2019-05-08,29.1,33.4,26.8,72,3.9,6.8,Tidak
2019-05-09,28.7,33.2,26.4,80,4.8,6.3,Ya
2019-05-10,28.9,31.8,26.2,80,3.9,6.1,Ya
2019-05-11,29.6,33,27,78,4.4,6.4,Tidak
2019-05-12,29.9,34.2,26.8,73,2.8,6.4,Tidak
2019-05-13,30.3,34.2,27,69,3.5,6.9,Tidak
2019-05-14,30.5,34.8,27.6,71,9.4,6.4,Tidak
2019-05-15,30.1,34.4,26,75,6.5,6.4,Tidak
2019-05-16,-,-,-,-,-,-,Ya
2019-05-17,-,-,-,-,-,-,Ya
2019-05-18,-,-,-,-,-,-,Ya
2019-05-19,-,-,-,-,-,-,Ya
2019-05-20,30.5,34.4,27.2,70,6.9,6.4,Tidak
2019-05-21,30.1,34.2,27.6,70,3,6.3,Tidak
2019-05-22,30.1,33.8,27.2,66,3.9,6.9,Tidak
2019-05-23,30.9,35,27.8,64,7.2,6.6,Tidak
2019-05-24,30.3,34.6,27.4,65,4.4,6.4,Tidak
2019-05-25,30.1,32.6,27.2,69,4.4,6.4,Tidak
2019-05-26,29.4,33.6,27.4,71,3,6.8,Tidak
2019-05-27,30.5,34.8,27,69,8.3,6.4,Tidak
2019-05-28,30.5,34.4,27.4,69,5.2,6.4,Tidak
2019-05-29,30.4,34.4,27.6,70,7.2,6.4,Tidak
2019-05-30,29.7,33.4,27,68,3.5,6.8,Tidak
2019-05-31,30.7,34.8,26.5,65,6.7,6.6,Tidak
2019-06-01,29.7,32.8,27.2,72,2,6.4,Tidak
2019-06-02,29.3,32.6,27,71,7.2,6.4,Tidak
2019-06-03,28.7,32.8,26.4,70,4.3,6.9,Tidak
2019-06-04,29.7,33.6,26,71,6.5,6.4,Tidak
2019-06-05,30.1,34.2,26,71,4.8,6.4,Tidak
2019-06-06,30.3,34,26.8,72,8.3,6.4,Tidak
2019-06-07,28.2,32.4,24.8,75,4.4,6.8,Ya
2019-06-08,29.1,33.2,24.4,77,6.7,6.4,Tidak
2019-06-09,29.3,32.8,24.8,72,5,6.4,Tidak
2019-06-10,29.1,33.6,26,70,3.1,6.8,Tidak
2019-06-11,29.9,33.8,26.4,70,5,6.4,Tidak
2019-06-12,30.1,33.4,27,71,3,6.4,Tidak
2019-06-13,29.9,32.4,27.6,76,4.6,6.4,Tidak
2019-06-14,28.8,31.6,25.6,74,4.4,6.6,Ya
2019-06-15,29.8,32.4,26.4,75,2.8,6.4,Tidak
2019-06-16,29.8,33.6,27,72,4.3,6.4,Tidak
2019-06-17,29.3,33.2,24.8,70,5.6,6.4,Tidak
2019-06-18,29.3,33.4,25.2,72,4.3,6.9,Tidak
2019-06-19,29.3,34.4,25.4,69,4.6,6.4,Tidak
2019-06-20,29.7,34.4,26.6,67,3.5,6.4,Tidak
2019-06-21,28.8,33.2,25.8,70,4.3,6.4,Tidak
2019-06-22,28.9,32.2,26,70,3,6.9,Tidak
2019-06-23,29.2,32.4,26.4,72,6.1,6.6,Tidak
2019-06-24,29,33.4,25,71,4.1,6.3,Tidak
2019-06-25,29.3,34.2,25.4,67,5.6,6.4,Tidak
2019-06-26,29.3,33.6,25.8,66,3.7,6.9,Tidak
2019-06-27,29.1,33.2,25.4,69,5.4,6.4,Tidak
2019-06-28,29.2,33.4,25.6,68,5.6,6.4,Tidak
2019-06-29,29.2,33.4,25.2,64,4.3,6.8,Tidak
2019-06-30,29,33.6,26,68,5,6.6,Tidak
2019-07-01,28.9,33.4,26,68,5.4,6.4,Tidak
2019-07-02,29.1,33,24.8,66,4.6,6.4,Tidak
2019-07-03,29,33.4,26.2,74,3.5,6.9,Tidak
2019-07-04,28.9,32.4,26,75,3.5,6.3,Tidak
2019-07-05,29.8,33,25,71,3.7,6.4,Tidak
2019-07-06,29.6,33.6,25.4,71,4.4,6.8,Tidak
2019-07-07,29.2,33.2,26.8,69,6.1,6.4,Tidak
2019-07-08,29.5,33.8,25.8,71,6.1,6.4,Tidak
2019-07-09,28.8,31.6,26,73,5.7,6.4,Tidak
2019-07-10,28.1,32.4,24.8,67,7.6,6.3,Tidak
2019-07-11,28.7,32.8,25.2,63,5.2,6.9,Tidak
2019-07-12,29.2,33,25.9,63,2,6.9,Tidak
2019-07-13,28.6,32.4,26,69,5.9,6.4,Tidak
2019-07-14,27.7,31.4,25,68,3.7,6.6,Tidak
2019-07-15,28,31.4,24.4,62,4.3,6.9,Tidak
2019-07-16,28.2,32.2,25,62,2.6,6.3,Tidak
2019-07-17,28,32.4,24,62,5.2,6.4,Tidak
2019-07-18,28.9,33.4,24.2,58,5.9,6.4,Tidak
2019-07-19,30.2,34,24.6,62,5.4,6.4,Tidak
2019-07-20,29.6,32.8,27.4,69,6.5,6.4,Tidak
2019-07-21,29.5,33.4,27,68,5.2,6.9,Tidak
2019-07-22,28.9,32.2,26.2,67,4.6,6.4,Tidak
2019-07-23,28.8,33.6,26,58,4.4,6.4,Tidak
2019-07-24,29.1,33,25.4,61,4.8,6.9,Tidak
2019-07-25,28.5,32.4,26,68,5.2,6.4,Tidak
2019-07-26,28.6,32.6,25.4,69,4.6,6.4,Tidak
2019-07-27,28.4,32.4,25.9,68,3.7,6.9,Tidak
2019-07-28,28.8,31.8,25.4,74,3.9,6.9,Tidak
2019-07-29,28.6,31.4,26.6,72,4.6,6.4,Tidak
2019-07-30,28.7,32.6,26.1,67,3.5,6.3,Tidak
2019-07-31,28.8,34,25.4,66,2.6,6.4,Tidak
2019-08-01,28.7,33.2,25.2,66,6.3,6.4,Tidak
2019-08-02,28.6,32.4,25,69,6.5,6,Tidak
2019-08-03,28.8,32.2,25.2,66,3.5,6.1,Tidak
2019-08-04,28.4,33.1,25.2,63,3,6.6,Tidak
2019-08-05,28,31.8,25.2,63,5.2,6.4,Tidak
2019-08-06,27.3,31.2,24,62,4.6,6,Tidak
2019-08-07,28.1,33.2,24,62,4.8,6.3,Tidak
2019-08-08,28.1,31.8,24.6,62,3.7,6.8,Tidak
2019-08-09,28.1,31.8,24.4,70,5.6,6.4,Tidak
2019-08-10,28.3,32,25,70,4.4,6.3,Tidak
2019-08-11,28.5,32.4,25.4,70,6.7,6.3,Tidak
2019-08-12,28.9,33.4,25.8,62,4.3,6.8,Tidak
2019-08-13,29.1,33.4,26.6,69,6.3,6.4,Tidak
2019-08-14,28.9,32.4,26.2,71,7,6.4,Tidak
2019-08-15,28.8,32,26.4,74,4.3,6.1,Tidak
2019-08-16,28.8,32,26.7,71,4.4,6.8,Tidak
2019-08-17,28.7,32.4,25.8,70,6.5,6.4,Tidak
2019-08-18,28.4,33.4,25,65,3.5,6.3,Tidak
2019-08-19,28,31.2,24.6,70,5.4,6.4,Tidak
2019-08-20,28.1,32.6,21.7,65,3.7,6.8,Tidak
2019-08-21,29.2,33.6,25.6,65,7.2,6.4,Tidak
2019-08-22,28.5,32,26,72,4.8,6.4,Tidak
2019-08-23,28.4,31.4,25.8,72,6.5,6,Tidak
2019-08-24,28.6,31.8,25.4,67,2.8,6.4,Tidak
2019-08-25,28.4,31.6,25.8,70,4.6,6.1,Tidak
2019-08-26,28.7,31.4,26,70,4.6,6.4,Tidak
2019-08-27,28.9,32,26.4,76,5.2,6,Tidak
2019-08-28,28.2,32.5,25.6,75,4.1,6.4,Tidak
2019-08-29,28.6,33.6,25,68,4.4,6.8,Tidak
2019-08-30,29.8,33.4,27.2,54,8,6.4,Tidak
2019-08-31,28.4,32.6,24.8,65,3.1,6.4,Tidak
2019-09-01,28.7,32.5,24.8,69,4.4,6.4,Tidak
2019-09-02,28.7,32.6,25,73,6.7,6,Tidak
2019-09-03,28.6,33.2,26,70,4.8,6.4,Tidak
2019-09-04,28.7,31.8,25.4,72,6.7,6.4,Tidak
2019-09-05,28.6,31.4,25.2,71,5.7,6.4,Tidak
2019-09-06,28.3,32,25,72,5.6,6,Tidak
2019-09-07,28.8,33,25.8,68,3,6.3,Tidak
2019-09-08,29.2,33,26,63,4.6,6.4,Tidak
2019-09-09,29,32,25.2,70,5,6.4,Tidak
2019-09-10,29.4,35,25.8,56,5.2,6.4,Tidak
2019-09-11,29.2,34.6,25,60,4.8,6.3,Tidak
2019-09-12,28.3,32.8,25,60,3.7,6.4,Tidak
2019-09-13,28.5,32,24.8,63,5.4,6.4,Tidak
2019-09-14,27.7,31.6,24,66,4.1,6.4,Tidak
2019-09-15,28.4,32.6,24.4,70,3.9,6.4,Tidak
2019-09-16,28.5,32.8,25,67,3.7,6.8,Tidak
2019-09-17,29.2,33,24.6,71,5.6,6.4,Tidak
2019-09-18,28.3,33.4,25,77,3.7,5.6,Tidak
2019-09-19,29.4,33.6,26,70,6.1,6.4,Tidak
2019-09-20,29.2,33.4,26.2,64,4.3,6.4,Tidak
2019-09-21,28.9,33,25.8,67,2.6,6.3,Tidak
2019-09-22,29,32,25.4,68,3.1,6.8,Tidak
2019-09-23,29.2,33.2,26.4,70,6.1,6.3,Tidak
2019-09-24,29.4,33.8,26,65,3.5,6.8,Tidak
2019-09-25,29.3,32.2,25.4,71,7.4,6.4,Tidak
2019-09-26,30.3,35,26.8,67,5.6,6.4,Tidak
2019-09-27,30.1,33.6,27.2,66,4.3,6.4,Tidak
2019-09-28,29.5,32.4,27.2,69,3.1,6.4,Tidak
2019-09-29,29.4,32.4,27,71,3,6.4,Tidak
2019-09-30,29.7,34,26.5,63,3.5,6.1,Tidak
2019-10-01,29.1,32.4,25.8,70,4.8,6.4,Tidak
2019-10-02,30.5,32.8,26.4,65,5.6,6.6,Tidak
2019-10-03,29.4,32.2,27,69,6.3,6.4,Tidak
2019-10-04,27.9,28.6,27,75,1.3,5.8,Tidak
2019-10-05,30.2,35,26.4,59,4.8,6.4,Tidak
2019-10-06,29.3,34,26,64,3,6.6,Tidak
2019-10-07,29.8,34.2,25.2,60,8.3,6.4,Tidak
2019-10-08,28.9,32.6,26,72,6.1,6.3,Ya
2019-10-09,29.7,32.8,26,72,6.3,6.4,Tidak
2019-10-10,29.1,32.4,24.6,73,5.6,6,Tidak
2019-10-11,29,33.6,26,68,3.7,6.6,Tidak
2019-10-12,29.1,32.4,26.8,69,8.3,6.4,Tidak
2019-10-13,29.4,32.5,26.6,71,6.5,6.1,Tidak
2019-10-14,29.7,32.8,26.8,72,5.4,6.3,Tidak
2019-10-15,29.2,31.8,26.6,71,3.7,6.4,Tidak
2019-10-16,29.4,32.8,26.4,66,4.3,6.8,Tidak
2019-10-17,29.8,32.2,25.6,71,4.6,6.4,Tidak
2019-10-18,29.6,32.2,27.2,72,3.5,6,Tidak
2019-10-19,30.1,33,27.2,70,5,6.4,Tidak
2019-10-20,29.7,34,26.5,68,3.3,6.4,Tidak
2019-10-21,30.4,34.8,26.4,65,4.3,6.4,Tidak
2019-10-22,30.7,33.6,26.4,60,5.7,6.4,Tidak
2019-10-23,30.3,34,27.4,65,5.4,6.1,Tidak
2019-10-24,30.2,33.6,27.4,70,5,6.4,Tidak
2019-10-25,30,33.4,27,69,6.9,6.4,Tidak
2019-10-26,29.7,33.8,27.2,69,5.6,6.4,Tidak
2019-10-27,29.1,32,27.2,75,6.3,6,Tidak
2019-10-28,29.3,32.4,27,72,4.3,6.4,Tidak
2019-10-29,29.3,32.6,26,73,4.6,6.4,Tidak
2019-10-30,29.7,33,26,67,6.7,6.4,Tidak
2019-10-31,29.8,32.6,27,69,9.4,6.1,Tidak
2019-11-01,28.6,34.4,26.2,73,4.6,6.4,Ya
2019-11-02,28.7,33.4,25,68,5.4,6.3,Ya
2019-11-03,29.1,32.8,25.4,71,5,6.4,Tidak
2019-11-04,29.7,33.8,27.2,70,6.5,6,Tidak
2019-11-05,28.7,33.4,25.6,76,5.2,6.4,Ya
2019-11-06,29.3,33.6,25.4,72,5,6.4,Tidak
2019-11-07,29.4,33,25,63,5.6,6.8,Tidak
2019-11-08,29.3,32.8,25.6,66,6.9,6.1,Tidak
2019-11-09,30.5,34.2,25.8,62,5.7,6.4,Tidak
2019-11-10,30,32.8,26,72,3.9,6.4,Tidak
2019-11-11,29.6,33.6,26,64,3.9,6.4,Tidak
2019-11-12,30,32.2,27.6,72,3.7,6.4,Ya
2019-11-13,30.1,34.4,27.4,72,6.7,6.4,Tidak
2019-11-14,28.5,30.6,27.2,73,4.4,6.4,Tidak
2019-11-15,29.8,34.6,26,69,6.3,6.3,Tidak
2019-11-16,30.7,34,26.6,66,3.5,6.4,Tidak
2019-11-17,30.1,33.8,26.4,62,4.8,6.4,Tidak
2019-11-18,30,34.2,25.2,70,4.8,6.4,Tidak
2019-11-19,29.3,33,25.8,68,4.8,6.4,Tidak
2019-11-20,29.6,33.4,25.2,72,5.7,6.1,Tidak
2019-11-21,29.2,32.2,27,72,6.1,6.4,Tidak
2019-11-22,29.7,32.4,27.2,73,3.9,6.4,Tidak
2019-11-23,29.4,32.2,27,73,5,6.3,Tidak
2019-11-24,30.3,33.4,26.8,70,3.5,6.4,Tidak
2019-11-25,29.7,32.8,27.2,72,5.7,6.3,Tidak
2019-11-26,29.8,32.8,27.2,74,3.5,6,Tidak
2019-11-27,29.7,32.4,27.6,74,5.4,6.4,Tidak
2019-11-28,30.1,33.8,27.4,73,8.1,6.3,Ya
2019-11-29,29.1,33,26,74,3.5,6.3,Ya
2019-11-30,28.7,32.4,25.4,80,3.1,6.1,Ya
2019-12-01,29.8,33.2,26.2,76,6.3,6,Ya
2019-12-02,30.4,33,26.6,70,5.6,6.6,Tidak
2019-12-03,30,33.4,27.2,72,6.9,6.4,Tidak
2019-12-04,28.8,33,25.1,79,5.2,6,Ya
2019-12-05,29.1,32,25,80,6.5,6,Ya
2019-12-06,28.6,31,26.6,80,5.4,6.3,Ya
2019-12-07,27.8,32.4,25,81,8.5,6.4,Ya
2019-12-08,29,31.6,26,76,7,6.4,Tidak
2019-12-09,29.6,33,26.8,74,6.3,6,Tidak
2019-12-10,28.3,30.6,26.6,76,5.4,6.4,Tidak
2019-12-11,28.5,33,26,74,5.4,6.4,Tidak
2019-12-12,27,29.6,25.2,85,5,6.4,Ya
2019-12-13,28.6,31.8,25.8,76,5.6,6.1,Tidak
2019-12-14,29.1,32,26.2,71,6.5,6.4,Tidak
2019-12-15,29.4,32,26.8,75,4.6,6.4,Tidak
2019-12-16,28.5,31.6,26.4,82,4.6,6.4,Ya
2019-12-17,26.8,31.8,25,86,4.6,5.8,Ya
2019-12-18,29,33.2,25,74,5.6,6.3,Tidak
2019-12-19,29.2,32.6,26,78,6.3,6.4,Tidak
2019-12-20,29.6,33,26,66,4.3,6.4,Tidak
2019-12-21,28.3,32.2,25.4,79,6.5,6.1,Ya
2019-12-22,27.6,32.4,25.2,83,4.8,6,Ya
2019-12-23,27.9,32.8,25.2,81,5.6,6.4,Ya
2019-12-24,29.2,32.6,25,67,3.5,6.4,Ya
2019-12-25,26.3,29.8,24.8,89,1.9,5.8,Ya
2019-12-26,27.9,31.6,25.2,84,3,6.4,Ya
2019-12-27,27,31.6,25,85,3.5,6.1,Ya
2019-12-28,27.8,30.2,24.8,81,5.4,6,Tidak
2019-12-29,27.4,30.2,25.2,81,5,6.4,Ya
2019-12-30,29.2,32.6,25.2,77,3.7,6.4,Tidak
2019-12-31,27.4,31.2,25,86,4.4,6,Ya
2020-01-01,26.7,28.8,25.1,89,3.9,5.3,Ya
2020-01-02,27.8,30.8,25,76,4.6,6.4,Tidak
2020-01-03,28.6,31,25.4,79,6.3,6.4,Tidak
2020-01-04,28.5,31.2,25.6,81,5,5.8,Ya
2020-01-05,27.6,29.6,25.8,85,3.9,6.1,Ya
2020-01-06,27.2,30,25.2,87,3.5,6,Ya
2020-01-07,27.4,30,25.2,85,4.3,6.4,Ya
2020-01-08,28.2,30.8,25,82,4.8,6.4,Ya
2020-01-09,27.2,31,24.4,85,7.2,5.6,Ya
2020-01-10,25.8,29.2,24.4,90,3.7,6.3,Ya
2020-01-11,27.3,30,24.6,81,5,6.3,Ya
2020-01-12,28.1,31.4,25.2,77,4.3,6.4,Tidak
2020-01-13,27.9,30.6,25.4,82,4.3,6.3,Ya
2020-01-14,28.3,32,25.6,79,11.7,6.1,Ya
2020-01-15,28.6,31,25.6,80,5.2,6.4,Tidak
2020-01-16,28.2,31,25.6,80,7,6.3,Ya
2020-01-17,28.6,32,26,81,5.7,6.4,Ya
2020-01-18,27.5,30.6,24.1,80,4.3,6.3,Ya
2020-01-19,29.2,32,25,77,4.4,6.3,Tidak
2020-01-20,28.7,30.4,25.8,83,7.2,6.1,Ya
2020-01-21,29,31.2,26.4,81,3.5,6.3,Tidak
2020-01-22,29.3,34.4,26.8,79,5.7,6.4,Ya
2020-01-23,28.5,33.8,25.4,83,5.6,6.3,Ya
2020-01-24,26.6,27.4,25.8,92,2.8,6,Ya
2020-01-25,27.2,29.6,25.9,90,3,6,Ya
2020-01-26,28.4,31.6,25.8,83,7.4,6.4,Ya
2020-01-27,28.8,31.6,25.8,74,5.4,6.4,Tidak
2020-01-28,29.2,31.8,25.8,78,7.2,6.4,Ya
2020-01-29,28.8,32.4,24.8,80,9.1,6.3,Ya
2020-01-30,28.4,31,24.4,78,5.6,6.4,Tidak
2020-01-31,28.1,30,25,84,6.1,6.1,Ya
2020-02-01,26,27.6,24.8,91,1.3,6.1,Ya
2020-02-02,27.1,30.2,24.6,86,3.5,6,Ya
2020-02-03,26.7,29,24.6,89,2.8,6.1,Ya
2020-02-04,27.8,29.8,24.8,83,5.9,6.3,Tidak
2020-02-05,27.7,29.6,26,83,2.6,6.3,Ya
2020-02-06,26.8,28.8,25.4,88,3.3,5.6,Ya
2020-02-07,26.4,29.8,24.6,90,6.3,5.8,Ya
2020-02-08,26.7,30.4,24,85,4.8,6.1,Ya
2020-02-09,26.3,31,24,86,3.9,6.4,Ya
2020-02-10,30.3,34.6,27.2,68,7.4,6.4,Tidak
2020-02-11,30,34.4,26,70,6.3,6.4,Tidak
2020-02-12,29.5,33.6,27,74,3.5,6.4,Tidak
2020-02-13,28.3,31.8,26,78,3.5,6.4,Tidak
2020-02-14,27.6,29.8,26.2,85,2.6,6.3,Ya
2020-02-15,28.1,31.8,26,81,4.6,6.8,Tidak
2020-02-16,26.5,31.4,25.4,88,5.4,6,Ya
2020-02-17,27.1,32,25.4,83,2.6,6.4,Ya
2020-02-18,27.2,30.2,25,84,4.8,6,Ya
2020-02-19,27,29.8,25,85,9.1,6,Ya
2020-02-20,26.8,30.8,24.8,88,5.4,6,Ya
2020-02-21,28.3,31.8,24.8,79,5.2,6.3,Ya
2020-02-22,28.7,31.2,24.6,82,6.3,6.1,Ya
2020-02-23,28.7,31,25.6,81,8.7,6.1,Ya
2020-02-24,28.2,31,25.6,84,8.3,6,Ya
2020-02-25,27.7,29.8,24.6,84,4.4,6,Ya
2020-02-26,29.1,31.4,25,78,3.9,6.3,Ya
2020-02-27,27.9,30.6,25.4,85,6.3,6.1,Ya
2020-02-28,27.9,31,25,85,7.2,6.1,Ya
2020-02-29,27.3,28.6,25.2,92,3.9,6,Ya
2020-03-01,27.3,31.8,25.4,89,7.2,5.8,Ya
2020-03-02,29.2,31.8,25,79,5.6,6.4,Tidak
2020-03-03,29.4,31.6,27.8,79,10.4,6.4,Ya
2020-03-04,28.3,31,26,81,3.5,6.3,Ya
2020-03-05,28,31,25.8,77,4.4,6.3,Ya
2020-03-06,29.5,32,25,74,6.5,6.4,Tidak
2020-03-07,29.2,33,25.2,68,10.6,6.3,Tidak
2020-03-08,28.7,32.2,26,75,8.1,6.4,Tidak
2020-03-09,29.9,33.2,26,69,11.1,6.4,Tidak
2020-03-10,30.6,34.6,27,70,6.7,6.4,Tidak
2020-03-11,29,32.4,25.7,78,7.8,6.1,Ya
2020-03-12,27.7,30.6,25.4,83,4.8,6.4,Ya
2020-03-13,28.4,30.8,26.4,78,1.9,6.4,Tidak
2020-03-14,28.6,33.1,26,80,4.6,6.3,Ya
2020-03-15,29.1,33,25,80,8.3,6,Ya
2020-03-16,28.2,33,25.4,79,2.4,6.4,Ya
2020-03-17,29.6,32.6,25.2,76,7,6.4,Ya
2020-03-18,27.3,28.4,25.8,87,3.7,6.1,Ya
2020-03-19,27.3,31.4,25.2,85,5.9,6,Ya
2020-03-20,27.1,31.2,24.6,83,3.5,6.4,Ya
2020-03-21,29,32.4,25.5,79,4.3,6.4,Tidak
2020-03-22,27.3,31.2,25,84,3.9,6,Ya
2020-03-23,28.5,31.8,25,77,2.8,6.4,Ya
2020-03-24,28.8,32.2,26,78,5,6.1,Tidak
2020-03-25,29.3,32.4,25.6,77,5.6,6.4,Tidak
2020-03-26,28.3,31.8,25.8,79,7.2,6,Ya
2020-03-27,28.7,31.6,26.4,78,4.4,6.4,Tidak
2020-03-28,29.7,32,27.2,76,3,6.4,Tidak
2020-03-29,28.9,33,27.2,78,5.4,6.4,Tidak
2020-03-30,27.4,31.8,26,86,4.6,6.1,Ya
2020-03-31,28.1,34.4,26,82,6.5,6,Ya
2020-04-01,28.8,31.8,25.2,77,6.3,6,Tidak
2020-04-02,29.7,33.8,25.6,72,7.2,6.4,Tidak
2020-04-03,29.2,33.6,27,80,3.9,6.4,Ya
2020-04-04,29.2,32,26,77,3.9,6.4,Ya
2020-04-05,28.7,32,27,77,3.5,6.4,Tidak
2020-04-06,26.9,32.6,25.8,88,4.4,5.8,Ya
2020-04-07,28.9,32.6,25.6,75,4.6,6.4,Tidak
2020-04-08,29.2,32,26,78,10.4,6.3,Ya
2020-04-09,28.8,31,26.8,80,3.1,6.4,Tidak
2020-04-10,28.4,32.2,26.2,84,2.8,6.1,Ya
2020-04-11,30.2,34.2,26,72,5.7,6.4,Tidak
2020-04-12,29.3,32.6,25.8,79,9.8,6.1,Ya
2020-04-13,27.9,32,25.6,86,3.5,6.4,Ya
2020-04-14,28.4,32,25.6,85,5.7,6.1,Tidak
2020-04-15,28.6,31.4,25.8,83,6.1,6.4,Tidak
2020-04-16,29.6,32.4,26,77,4.6,6.4,Tidak
2020-04-17,29.3,33,26.6,75,4.6,6.4,Tidak
2020-04-18,29.2,32.6,26.2,75,5,6.4,Tidak
2020-04-19,30.3,34,26.4,74,7.6,6.4,Tidak
2020-04-20,30.3,33.6,27,75,6.3,6.3,Tidak
2020-04-21,29.5,32.6,26.4,75,4.6,6.4,Tidak
2020-04-22,30.5,34.8,26,72,2.2,6.4,Tidak
2020-04-23,31,34.8,27.4,74,7.2,6.4,Tidak
2020-04-24,29.1,33,26.8,78,4.8,6.4,Tidak
2020-04-25,29.6,32.4,26.4,72,3.5,6.4,Tidak
2020-04-26,29.3,33.4,26.4,79,5.4,6.4,Ya
2020-04-27,27.9,32,25,82,2.8,6.3,Ya
2020-04-28,27.5,31.2,25.6,83,4.6,6,Ya
2020-04-29,28.6,32.2,25.6,74,4.3,6.4,Tidak
2020-04-30,28.3,31.8,26.6,81,3.3,6.4,Tidak
2020-05-01,28.8,31.6,26.4,79,7,6.4,Tidak
2020-05-02,27.4,30,25.6,84,2,6.3,Ya
2020-05-03,28.4,33.4,23,77,3.5,6.4,Tidak
2020-05-04,28.2,30.6,26.6,82,3.1,6.4,Ya
2020-05-05,30.3,33.8,26.6,76,5.6,6.4,Tidak
2020-05-06,29.4,33.4,27,79,3.3,6.4,Ya
2020-05-07,30.3,34.2,27.2,69,3.3,6.4,Tidak
2020-05-08,30,33.8,27.2,74,4.1,6.4,Tidak
2020-05-09,28.3,30,27,84,3,6.3,Ya
2020-05-10,29.1,32.6,26,79,4.4,6,Tidak
2020-05-11,29.6,32.6,27,74,5.6,6.4,Tidak
2020-05-12,30.5,34.4,27.2,75,3.5,6.4,Ya
2020-05-13,30.2,33.6,27.4,75,4.4,6.4,Tidak
2020-05-14,29.8,34.2,26.6,76,5.4,6.4,Tidak
2020-05-15,29.7,33,27,70,3.5,6.4,Tidak
2020-05-16,30.5,34.6,26,70,4.6,6.4,Tidak
2020-05-17,30.5,33.6,27.2,73,6.3,6.4,Tidak
2020-05-18,27.1,31.4,25.2,87,6.3,6,Ya
2020-05-19,29.8,33,25.2,70,3.5,6.4,Tidak
2020-05-20,28.5,34,24.8,79,6.1,6.3,Ya
2020-05-21,29.6,33.4,24.8,78,2.4,6.4,Tidak
2020-05-22,29.4,33,26,79,4.6,6,Tidak
2020-05-23,29.8,33.8,26.6,71,4.6,6.4,Tidak
2020-05-24,31.3,35.6,26,65,4.3,6.4,Tidak
2020-05-25,30,35,27.6,76,4.3,6.3,Ya
2020-05-26,30,34,26.2,71,7.8,6.4,Tidak
2020-05-27,29.5,32.4,27,75,3.9,6.4,Tidak
2020-05-28,29.9,33.2,27.6,77,3.7,6.4,Tidak
2020-05-29,29.6,34,27,75,5.6,6.4,Tidak
2020-05-30,29.9,34.2,26.8,75,5,6.4,Tidak
2020-05-31,29.6,33,27,71,3.7,6.4,Ya
2020-06-01,29.6,33.4,27,74,4.6,6.4,Tidak
2020-06-02,29.8,34,26.6,75,6.3,6.4,Ya
2020-06-03,29.1,33.2,26,78,8.3,6.3,Tidak
2020-06-04,29.9,33,26.8,70,4.1,6.4,Tidak
2020-06-05,29.2,32.6,26.2,77,3.9,6.4,Ya
2020-06-06,29.6,32.2,26.4,73,2.4,6.3,Tidak
2020-06-07,29.7,33.6,26,70,2.4,6.4,Tidak
2020-06-08,29.7,33.2,26.4,76,3.1,6.3,Tidak
2020-06-09,28.8,31.4,27,80,1.9,6.4,Ya
2020-06-10,29.9,34,26.6,76,4.4,6.4,Tidak
2020-06-11,28.8,33.6,24.6,77,6.3,6.4,Ya
2020-06-12,29.2,33.6,24.6,74,3.5,6.4,Tidak
2020-06-13,29.6,33,25.7,72,4.4,6.4,Tidak
2020-06-14,31.2,34.8,26.6,69,5.4,6.4,Tidak
2020-06-15,29.8,33,27,77,5.2,6.1,Tidak
2020-06-16,29.7,33.6,27.2,72,4.6,6.4,Tidak
2020-06-17,30.5,35,26.4,68,3.5,6.4,Tidak
2020-06-18,29.6,33.8,26.4,75,3.3,6.4,Tidak
2020-06-19,28.4,32,26.1,79,3.7,6,Ya
2020-06-20,29.7,34.2,26.2,74,4.4,6.4,Tidak
2020-06-21,29.3,32.6,26.4,75,3.5,6.4,Tidak
2020-06-22,28.5,31.6,25.2,79,5.4,6.3,Ya
2020-06-23,28.5,32.8,24.4,78,4.1,6.3,Tidak
2020-06-24,28.9,32.6,25.2,71,4.1,6.6,Tidak
2020-06-25,29.4,33.4,26.2,72,4.3,6.4,Tidak
2020-06-26,29.5,32.6,26.4,75,4.3,6.4,Tidak
2020-06-27,29.4,33.6,26,73,6.7,6.1,Tidak
2020-06-28,29.8,33,27,71,6.1,6,Tidak
2020-06-29,29.9,34.2,27,68,6.5,6.3,Tidak
2020-06-30,29.7,33.6,26.6,72,6.5,6.4,Tidak
2020-07-01,30,34.2,26.6,68,2.6,6.4,Tidak
2020-07-02,27.1,31,25.4,80,3.9,6.4,Ya
2020-07-03,28.8,32,26.4,73,4.3,6.4,Tidak
2020-07-04,29,32.6,27,72,4.6,6.4,Tidak
2020-07-05,28.8,32.4,25,69,6.1,6.4,Tidak
2020-07-06,29.1,33,25.6,66,3.7,6.4,Ya
2020-07-07,29,33.2,24.2,71,5.6,6.4,Tidak
2020-07-08,29,32.2,25.4,71,5.7,6.4,Tidak
2020-07-09,28.4,32,25,77,6.9,6,Ya
2020-07-10,28.1,31,25.2,76,3.7,6.4,Ya
2020-07-11,28.8,32.6,25.4,77,3.5,6.3,Tidak
2020-07-12,29.3,31.8,26,74,5.4,6.4,Tidak
2020-07-13,29.3,32.4,26,72,6.1,6.1,Tidak
2020-07-14,29.3,32.6,26.4,73,4.6,6.4,Tidak
2020-07-15,27.8,30,25.4,79,8.3,6.4,Ya
2020-07-16,28.6,31,25.6,77,5.4,6.3,Tidak
2020-07-17,29.3,33,25,74,7.4,6.1,Tidak
2020-07-18,28.8,32.6,26,73,3.5,6.3,Tidak
2020-07-19,29.3,32.6,26,72,4.8,6.4,Tidak
2020-07-20,29.5,32.6,26.4,73,0.7,6.1,Tidak
2020-07-21,29.3,32.2,27,75,6.9,6.1,Tidak
2020-07-22,29.6,33,27,72,7.2,6.1,Tidak
2020-07-23,29.5,33,27.2,69,8.1,6.4,Tidak
2020-07-24,29.4,33,26.2,70,3.5,6.3,Tidak
2020-07-25,29.1,32.4,25,66,3.7,6.4,Tidak
2020-07-26,28.6,32.8,25.5,64,6.7,6.4,Tidak
2020-07-27,28.8,33.2,25,64,5.2,6.4,Tidak
2020-07-28,28.8,33.2,25.2,67,5.7,6.4,Tidak
2020-07-29,28.9,33,24.6,65,8.3,6.3,Tidak
2020-07-30,28.4,31.4,26,65,4.1,6.4,Tidak
2020-07-31,28.3,32.2,25.2,60,3.7,6.4,Tidak
2020-08-01,28.3,32.2,24.6,66,4.6,6.4,Tidak
2020-08-02,28.6,31.8,24,70,6.1,6.1,Tidak
2020-08-03,30.1,34,26.1,67,6.3,6.1,Tidak
2020-08-04,29.3,32.8,26.8,69,5.2,6.3,Tidak
2020-08-05,29.1,31.4,27,72,3.7,6.1,Tidak
2020-08-06,29.4,33,25,73,3.1,6.3,Tidak
2020-08-07,28.8,32,25.6,77,3.1,6.4,Tidak
2020-08-08,28.8,32,26,78,4.1,6,Ya
2020-08-09,28.8,32.2,25.8,78,5.4,6.3,Ya
2020-08-10,28.9,33.4,26,77,6.1,5.8,Tidak
2020-08-11,28.7,33,27,74,3.5,6.4,Ya
2020-08-12,29.4,32.8,27,73,5.4,6.4,Ya
2020-08-13,26.2,30.4,24.4,87,5.4,5.8,Ya
2020-08-14,28.3,31.4,24.2,79,5,6.4,Tidak
2020-08-15,28.9,32.4,25.4,76,3.5,6.3,Tidak
2020-08-16,29.3,33.4,26.2,71,4.8,6.4,Tidak
2020-08-17,29.4,33.6,26.4,70,4.4,6.1,Tidak
2020-08-18,28.2,32.2,26,75,5.6,6,Ya
2020-08-19,29.7,33.8,25.8,72,3.5,6.4,Tidak
2020-08-20,29.1,32.6,26.2,70,5.6,6.4,Tidak
2020-08-21,29.1,33,26,68,8.5,6.1,Tidak
2020-08-22,29.6,34,25.4,60,5.4,6.4,Tidak
2020-08-23,29.8,34.8,26,66,6.7,6.4,Tidak
2020-08-24,29.2,33.8,26.2,65,8,6.4,Tidak
2020-08-25,29.7,34,25.6,59,5.6,6.4,Tidak
2020-08-26,29.2,33.8,26,66,4.3,6.4,Tidak
2020-08-27,29.1,34,25.8,64,6.1,6.1,Tidak
2020-08-28,29.7,34.4,26.2,62,4.4,6.4,Tidak
2020-08-29,29.9,34.4,26.4,64,4.4,6.4,Tidak
2020-08-30,29.7,33.8,26.4,67,8.5,6.1,Tidak
2020-08-31,29.5,33,26.8,65,5.4,6.4,Tidak
2020-09-01,30.3,35,26.6,59,3.9,6.3,Tidak
2020-09-02,29.1,32.2,25,71,7.6,6.1,Ya
2020-09-03,29.3,32.6,26.2,72,4.6,6.4,Tidak
2020-09-04,30.4,34.8,27.2,67,9.3,6.4,Tidak
2020-09-05,29.3,32.4,26.8,73,2.6,6.3,Tidak
2020-09-06,29.4,32.6,26.4,71,4.6,6.4,Tidak
2020-09-07,30,34,26.8,65,5.7,6,Tidak
2020-09-08,30.1,33.6,27.4,62,5.9,6.4,Tidak
2020-09-09,30.6,34,27.8,62,4.6,6.4,Tidak
2020-09-10,29.1,33,26,73,6.3,6.3,Tidak
2020-09-11,29.6,32.4,27,69,5.4,6.1,Tidak
2020-09-12,29.5,33,27,72,2.4,6.3,Tidak
2020-09-13,29.5,33.6,26.8,68,6.9,6.1,Ya
2020-09-14,28,32,24.4,77,7.4,6.1,Ya
2020-09-15,27.4,32,24.4,78,3.7,6.3,Ya
2020-09-16,28.8,32.2,24.2,66,10,6.4,Tidak
2020-09-17,29.5,34,25,66,4.8,6.4,Tidak
2020-09-18,29.8,33.8,25.4,69,5.9,6.3,Tidak
2020-09-19,30.4,34.4,26.4,64,10.9,6.1,Tidak
2020-09-20,26.3,30,25,86,3.1,6,Ya
2020-09-21,27.7,32.5,24.4,80,6.1,6.1,Ya
2020-09-22,27.8,32.4,24,78,7,6.3,Tidak
2020-09-23,29.3,32.6,24.8,70,5.4,6.4,Tidak
2020-09-24,29.6,33,25.8,73,3.5,6.4,Tidak
2020-09-25,30.2,33.8,26.8,69,5.2,6.3,Tidak
2020-09-26,29.3,33.2,26.2,73,6.7,6.1,Ya
2020-09-27,27.8,31.8,25.2,78,3.1,6.3,Ya
2020-09-28,29.8,34.4,25.6,68,6.3,6.4,Tidak
2020-09-29,29.8,32.8,26.6,65,4.6,6.4,Tidak
2020-09-30,30.6,34.8,26.6,66,6.7,6.4,Tidak
2020-10-01,30.5,34.6,26,66,7.4,6.1,Tidak
2020-10-02,29.3,33.2,27,72,6.1,6.4,Tidak
2020-10-03,27.6,30.8,25.7,80,5.6,6.1,Ya
2020-10-04,28.3,32.4,24.2,73,13.3,6,Ya
2020-10-05,29.2,33,24.2,64,6.7,6.4,Tidak
2020-10-06,29.1,33,25.8,68,3.1,6.4,Tidak
2020-10-07,29.9,33.6,25.8,67,4.8,6.4,Tidak
2020-10-08,29.1,32.4,25,73,6.3,6.1,Ya
2020-10-09,28.9,31.6,25,75,7.2,6,Tidak
2020-10-10,28.2,32.2,25.6,79,3.1,6.3,Ya
2020-10-11,28.9,31.6,25.6,75,4.3,6.4,Tidak
2020-10-12,29.9,33.2,27,67,4.6,6.4,Tidak
2020-10-13,29.9,32.6,26.6,69,4.6,6,Tidak
2020-10-14,30.1,33.2,27.4,70,6.5,6.4,Tidak
2020-10-15,29.8,33.6,27.2,69,3.9,6.4,Tidak
2020-10-16,28.4,33.6,24.8,75,3.5,6,Ya
2020-10-17,29.1,32,24.4,73,6.3,6.1,Tidak
2020-10-18,29,32.2,26.6,74,3.9,6.4,Tidak
2020-10-19,28.2,32.6,25.4,79,5.7,6.3,Ya
2020-10-20,28.3,32.8,25,80,5.6,6.3,Ya
2020-10-21,27.5,32,24.6,82,6.5,6,Ya
2020-10-22,29.4,33,24,68,8,6.4,Tidak
2020-10-23,29.9,33.6,26.4,67,4.4,6.4,Tidak
2020-10-24,28.9,32.6,26.4,73,6.7,6.4,Tidak
2020-10-25,28.4,32,25.6,77,5,6.1,Tidak
2020-10-26,27.2,32.2,25.4,80,3.7,6.3,Ya
2020-10-27,26.6,31,25,85,6.5,6,Ya
2020-10-28,28.8,32.2,24.6,76,8.5,6.1,Tidak
2020-10-29,29.8,33.4,25.6,73,4.4,6.4,Tidak
2020-10-30,28.6,32.4,26.2,76,3.7,6.4,Tidak
2020-10-31,27.9,32.6,26,79,5.4,6.3,Ya
2020-11-01,27.7,32.8,25,79,5.2,6.3,Ya
2020-11-02,28.6,32.4,25.8,74,6.9,6.4,Tidak
2020-11-03,28.8,32.2,26.2,73,4.4,6.3,Ya
2020-11-04,28.7,32.6,26.4,76,5.6,6.4,Tidak
2020-11-05,27.6,29.8,25,83,2.6,5.8,Ya
2020-11-06,27.8,31.4,25.6,83,3.5,6.1,Ya
2020-11-07,29,33.4,25.4,76,3.9,6.4,Tidak
2020-11-08,28.4,31.6,25.8,76,6.3,6.3,Ya
2020-11-09,29.9,33.8,25,71,4.3,6.1,Tidak
2020-11-10,29.1,32.2,26.4,75,6.3,6.1,Tidak
2020-11-11,30.1,33,26.8,73,3.9,6.4,Ya
2020-11-12,30.3,34.4,27,73,5.7,6.4,Tidak
2020-11-13,30.6,33.4,25.6,73,3.9,6.4,Tidak
2020-11-14,30.3,33.4,27.5,70,6.7,6,Tidak
2020-11-15,30.6,34.6,27.6,68,3.1,6.4,Tidak
2020-11-16,30.3,35,27.6,72,6.9,6.4,Tidak
2020-11-17,29.4,32.2,26,73,6.1,6.4,Tidak
2020-11-18,29.7,32.8,26.6,72,4.4,6.3,Tidak
2020-11-19,30.1,33.2,26.8,72,3.5,6.4,Tidak
2020-11-20,29.3,32.6,27,76,5.2,6.4,Tidak
2020-11-21,29.2,32.4,26.6,73,5.4,6.1,Tidak
2020-11-22,28.8,31.8,26.8,75,2.6,6.4,Tidak
2020-11-23,27.7,30.6,26.2,81,4.3,6.1,Ya
2020-11-24,28.4,34.4,25.6,75,4.6,6.3,Ya
2020-11-25,27.6,33.8,25.4,80,3.9,6,Ya
2020-11-26,29.2,32.6,25.6,73,3.9,6.4,Tidak
2020-11-27,29.2,35.2,25.6,70,6.1,6,Ya
2020-11-28,28.9,32.6,25,72,4.4,6.4,Tidak
2020-11-29,27.6,32.8,25.5,75,15.2,6,Ya
2020-11-30,27.7,32,25.2,75,7.2,6.4,Ya
2020-12-01,29.6,34,26.2,67,8.3,6.4,Tidak
2020-12-02,29.3,33.8,25.4,72,8.5,6.3,Ya
2020-12-03,27.4,30.4,24.4,79,6.3,5.8,Ya
2020-12-04,27.7,32.4,24.4,80,3.1,6.3,Ya
2020-12-05,27.3,30.2,25,81,6.3,6.1,Ya
2020-12-06,26.3,28.6,25,87,12.6,5.5,Ya
2020-12-07,26.4,30.2,24.2,86,5.2,6.3,Ya
2020-12-08,28.6,32.2,24.4,76,9.6,6.4,Ya
2020-12-09,28.8,32.2,26,74,6.5,6.3,Tidak
2020-12-10,28.4,32,25,75,8.1,6.4,Tidak
2020-12-11,27.6,30.4,25.7,80,13.7,6,Ya
2020-12-12,28.1,32.2,25.4,75,7.8,6.4,Ya
2020-12-13,27.4,30.2,25.6,79,4.6,6.3,Ya
2020-12-14,28,32.2,25,76,8.3,6.4,Tidak
2020-12-15,27.7,32.6,25.4,76,12,6.3,Ya
2020-12-16,28.4,32.2,25.4,74,7.8,6.3,Ya
2020-12-17,28.2,31.8,24.8,75,7.8,6.4,Ya
2020-12-18,28.3,31.8,25,73,5.4,6.4,Tidak
2020-12-19,28.7,32.8,25.4,72,9.6,6.4,Tidak
2020-12-20,26.8,30.8,25.6,82,8.3,6.3,Ya
2020-12-21,27.5,29.6,24.8,76,7.2,6.3,Tidak
2020-12-22,28.5,31.6,25.6,72,6.5,6.4,Tidak
2020-12-23,29.8,34.8,25.6,61,7.2,6.4,Tidak
2020-12-24,28.4,33.2,26.3,69,5.2,6.4,Tidak
2020-12-25,29.6,34.2,25.8,65,4.6,6.4,Tidak
2020-12-26,29.6,34.4,25.9,65,13.1,6.4,Tidak
2020-12-27,29.3,32.4,25.6,68,8.9,6.4,Tidak
2020-12-28,29,33,26.4,72,10.9,6.4,Tidak
2020-12-29,28.6,32,26.4,70,7.6,6.3,Tidak
2020-12-30,27.5,32.6,25.6,76,8.9,6.4,Ya
2020-12-31,26.6,30.2,25.5,84,4.3,5.8,Ya
2021-01-01,27.1,30,25,79,4.3,6.4,Ya
2021-01-02,28.4,31.2,25,75,7.4,6.1,Tidak
2021-01-03,27.6,32.4,25,77,9.6,6,Ya
2021-01-04,28.3,32.6,25.6,76,5.6,6.3,Tidak
2021-01-05,27.3,29.6,24,82,2.2,6.3,Ya
2021-01-06,26.8,30.6,24,87,3.9,6,Ya
2021-01-07,27.5,29.8,24,82,3.1,6.1,Ya
2021-01-08,27.1,30.2,25,86,6.3,5.6,Ya
2021-01-09,26.4,32,24.6,86,5.4,6.1,Ya
2021-01-10,27.4,31,24.6,81,4.4,6.4,Tidak
2021-01-11,28.2,30.8,24.6,75,6.1,6.4,Tidak
2021-01-12,27.2,30,25,83,7,6,Ya
2021-01-13,27.4,29,25.6,81,5.9,6.3,Ya
2021-01-14,27.5,29.4,26,81,7.2,6.4,Tidak
2021-01-15,27.7,29.8,25,77,5.6,6.4,Tidak
2021-01-16,29.8,34.2,25.6,67,10.2,6.4,Tidak
2021-01-17,28.2,30.4,25.6,79,6.3,6.4,Tidak
2021-01-18,26.6,28.8,24.8,85,8.1,6.3,Ya
2021-01-19,27.1,29.4,24,80,5.7,6.3,Ya
2021-01-20,27.7,29.8,24.8,79,10.7,6,Ya
2021-01-21,26.9,28.4,24.8,86,1.9,6.3,Ya
2021-01-22,27.4,29.4,25.6,78,4.6,6.3,Tidak
2021-01-23,28,30.8,25.4,82,6.9,6.3,Ya
2021-01-24,25,27.6,24,93,2.4,6,Ya
2021-01-25,27.8,30.4,24,77,3.1,6.4,Tidak
2021-01-26,27.1,31.8,24.4,80,5.9,6.4,Ya
2021-01-27,26.6,30,23.4,83,9.1,6.4,Ya
2021-01-28,26.2,28.8,24,84,8.3,5.8,Ya
2021-01-29,25.9,29.4,24,86,3.7,6.1,Ya
2021-01-30,26.6,29.8,24.2,87,5.4,6.1,Ya
2021-01-31,26.9,29.2,24.2,85,4.4,6.4,Tidak
2021-02-01,27.2,30.4,24.8,84,7.4,6,Ya
2021-02-02,27.3,29.8,24.2,80,6.3,6.1,Ya
2021-02-03,26.7,29.4,24.2,86,6.1,6.1,Ya
2021-02-04,26.7,29.8,24.2,85,8.5,6,Ya
2021-02-05,27.4,29.6,25,81,9.3,6.3,Ya
2021-02-06,28.1,30,24.6,80,9.1,6.1,Ya
2021-02-07,27.5,30.2,25.8,83,10.9,6.4,Ya
2021-02-08,27.1,30.2,24.6,85,8.9,6.3,Ya
2021-02-09,27.5,30.2,24.2,85,4.4,6.3,Ya
2021-02-10,28.9,30.4,25.4,75,10.2,6.8,Tidak
2021-02-11,-,-,-,-,-,-,Ya
2021-02-12,-,-,-,-,-,-,Ya
2021-02-13,27.2,31,26.2,87,4.1,5.5,Ya
2021-02-14,27.2,29.2,25.6,87,4.1,6.3,Ya
2021-02-15,27.5,29.8,24.8,84,5.2,6.1,Ya
2021-02-16,25.3,28.2,23.8,95,5,5.5,Ya
2021-02-17,26.7,29,23.8,82,5.4,6,Tidak
2021-02-18,25.8,30,24.4,88,4.4,6,Ya
2021-02-19,27.1,28.6,24.5,79,17.2,6.4,Ya
2021-02-20,-,-,-,-,-,-,Ya
2021-02-21,-,-,-,-,-,-,Ya
2021-02-22,28.3,30.4,25.4,77,7.4,6.4,Tidak
2021-02-23,28.1,31,26.4,75,10.2,6.3,Ya
2021-02-24,27,32.4,24,80,5.9,6.3,Ya
2021-02-25,27.2,30,24.2,85,12.8,6.1,Ya
2021-02-26,27.3,29.6,24,84,2,6.4,Ya
2021-02-27,28.8,31.6,25,77,3.7,6.4,Tidak
2021-02-28,29.8,34,26,66,6.3,6.3,Ya
2021-03-01,29,33.4,25.7,76,12.8,6,Ya
2021-03-02,27.5,30.8,24.8,82,3,6.3,Ya
2021-03-03,28.2,31.4,24.6,78,6.5,6.4,Ya
2021-03-04,28,31.6,25,80,4.8,6.4,Ya
2021-03-05,27.7,31.6,25.4,81,8.1,6,Ya
2021-03-06,27.1,30.4,24.4,84,3.9,6.3,Ya
2021-03-07,27,30.6,24.2,84,5.6,6.3,Ya
2021-03-08,27.2,31.4,25.2,79,6.1,6.4,Ya
2021-03-09,27.3,30.4,24.8,76,3.3,6.3,Ya
2021-03-10,27.1,30.6,23.8,82,8,6,Ya
2021-03-11,27.2,30.2,23,78,4.3,6.3,Ya
2021-03-12,27.9,29.6,23.4,78,8.5,6.3,Tidak
2021-03-13,28.6,32.8,25.9,72,8.3,6.4,Ya
2021-03-14,27.7,30.8,25,78,4.3,6.4,Ya
2021-03-15,27.9,30.2,25.1,80,4.3,6.4,Tidak
2021-03-16,27.8,32.2,25,79,6.3,6.4,Tidak
2021-03-17,29.1,32,24.8,73,8.1,6.1,Tidak
2021-03-18,29,32,26.4,71,4.4,6.4,Tidak
2021-03-19,29.1,31.6,27,73,6.5,6.4,Tidak
2021-03-20,28.4,31.8,25,76,10.9,6.4,Ya
2021-03-21,29,32.8,26,74,7.8,6.4,Tidak
2021-03-22,29.5,32.8,26.2,70,6.9,6.4,Tidak
2021-03-23,29.8,33.8,26.8,68,6.5,6.4,Tidak
2021-03-24,29.2,33.2,26.4,68,10.7,6.4,Tidak
2021-03-25,28.7,31.4,26.4,72,4.8,6.4,Tidak
2021-03-26,29.6,32.6,26,73,8.3,6.4,Tidak
2021-03-27,28.1,32,26.2,81,5.4,6.3,Ya
2021-03-28,29.5,32.8,25,75,5.4,6.4,Tidak
2021-03-29,28.4,32,26.4,82,7.8,5.6,Ya
2021-03-30,27.5,29.4,26.2,83,2.2,6.3,Ya
2021-03-31,28.8,33,26,74,6.3,6.4,Ya
2021-04-01,28.4,30.4,25,73,6.3,6.4,Tidak
2021-04-02,28.8,32.2,25,75,7.8,6.1,Ya
2021-04-03,27.1,29.8,25,85,2,6.3,Ya
2021-04-04,28,30.2,25.2,81,4.3,6.4,Ya
2021-04-05,28.6,32,25,74,6.9,6.3,Tidak
2021-04-06,29.4,33.4,26,69,17.8,6.1,Tidak
2021-04-07,27.6,30.4,25.4,76,6.7,6.4,Ya
2021-04-08,29.7,33.4,25.6,69,3.9,6.3,Tidak
2021-04-09,28.7,31.8,24.6,74,7.8,6.3,Ya
2021-04-10,28.3,31.6,24.4,76,5.4,6,Tidak
2021-04-11,28.1,31.6,25.2,73,3.1,6.4,Ya
2021-04-12,27.9,33.6,25.6,78,6.5,6.3,Ya
2021-04-13,28.3,32.8,25,75,4.3,6.4,Tidak
2021-04-14,27.2,31.8,25,82,6.3,6.3,Ya
2021-04-15,27.4,31.8,25,80,4.1,6.4,Ya
2021-04-16,29.1,31.8,25.4,75,5.6,6.4,Tidak
2021-04-17,27.9,31.4,26,82,3.7,6,Ya
2021-04-18,28.9,31.8,25.8,77,4.6,6.1,Tidak
2021-04-19,28.7,32,26.2,73,3.5,6.4,Tidak
2021-04-20,29.3,32.8,26.2,70,4.4,6.4,Tidak
2021-04-21,29.8,33.2,25.6,69,5,6.4,Tidak
2021-04-22,29.7,33,26.4,67,4.3,6.4,Tidak
2021-04-23,28.4,32.2,26,75,3.1,6.4,Ya
2021-04-24,29.3,32.6,25.4,69,5.9,6.4,Tidak
2021-04-25,29.6,32.8,25,72,3.1,6.1,Tidak
2021-04-26,30.1,34.2,26.8,71,10,6.3,Tidak
2021-04-27,29.8,34.2,26.8,69,4.3,6.3,Ya
2021-04-28,27.7,32.2,25.6,82,3.9,6,Ya
2021-04-29,29.4,33.4,25.4,71,5.6,6.4,Tidak
2021-04-30,29.2,32,25.2,78,4.8,6.1,Tidak
2021-05-01,29.9,33.4,26.6,73,3.7,6.4,Tidak
2021-05-02,30.1,33.6,27.2,73,5,6.4,Tidak
2021-05-03,29.6,33,26,73,8.3,6.4,Tidak
2021-05-04,29.8,32.8,26.6,73,3.3,6.4,Tidak
2021-05-05,29,32.4,26.2,77,3.3,6.4,Ya
2021-05-06,27.7,32.4,25.8,81,5,6.4,Ya
2021-05-07,29.4,32.8,25,75,3.5,6.4,Ya
2021-05-08,29,33.2,24.8,80,8.1,6.1,Ya
2021-05-09,29,32.4,24.6,77,2.6,6.4,Ya
2021-05-10,30.2,33.6,25.4,70,3.9,6.4,Tidak
2021-05-11,30.4,34.8,25.6,71,5.6,6.4,Tidak
2021-05-12,30.3,33.8,27.2,72,4.6,6.1,Tidak
2021-05-13,30,33.6,27.2,73,5.2,6.4,Tidak
2021-05-14,30.1,34.4,26.8,66,4.3,6.3,Tidak
2021-05-15,30.3,33.4,26,70,3.7,6.4,Tidak
2021-05-16,30.2,33.4,27.6,69,1.7,6.4,Tidak
2021-05-17,28.6,33,23.8,78,6.5,6,Ya
2021-05-18,28.3,31.6,23.4,77,3.9,6.4,Tidak
2021-05-19,29.5,32.8,26.8,75,5.4,6.4,Tidak
2021-05-20,29.4,33.2,26.6,74,6.5,6,Tidak
2021-05-21,29.3,33.4,27,75,3.5,6.4,Tidak
2021-05-22,29.1,32.6,27,73,5,6.3,Tidak
2021-05-23,29.6,32.8,25.6,75,5,6.4,Tidak
2021-05-24,29.1,32.6,25,78,5.4,6.1,Ya
2021-05-25,29.1,33,25,74,3.7,6.4,Tidak
2021-05-26,29.6,33.4,25.6,74,8.9,6.4,Tidak
2021-05-27,29.9,33.6,26.8,74,5.6,6.1,Tidak
2021-05-28,30.2,34,27,72,5.6,6.4,Tidak
2021-05-29,27.1,30,25.2,84,1.9,6.4,Ya
2021-05-30,29.4,33,25.2,75,3.7,6.4,Tidak
2021-05-31,29.3,32.4,26,77,4.4,6.4,Tidak
2021-06-01,28.8,32.6,26.8,79,5.4,6,Ya
2021-06-02,29.2,33,26.8,76,4.4,6.4,Tidak
2021-06-03,29.4,32.8,27,80,3.3,6.1,Ya
2021-06-04,29.7,34.2,25.8,76,4.4,6.4,Ya
2021-06-05,29.9,33,26.8,75,3.9,6.4,Tidak
2021-06-06,28.7,32.8,25.6,77,4.6,6.4,Ya
2021-06-07,29.2,32.5,25.2,72,3.5,6.4,Tidak
2021-06-08,29.3,32.6,26,76,5.2,6.4,Tidak
2021-06-09,29.2,32.4,26.4,75,5.4,6.3,Tidak
2021-06-10,29.5,33,26.8,75,5.7,6,Tidak
2021-06-11,28.4,32,25.4,79,3,6,Ya
2021-06-12,29.4,33.8,25,75,6.1,6.4,Tidak
2021-06-13,29.7,33.6,25.4,76,5,6.1,Tidak
2021-06-14,28.7,31.8,27,76,3.1,6.4,Tidak
2021-06-15,27.8,32.5,26.2,78,5.4,6.4,Tidak
2021-06-16,27.9,31.2,25,81,3.7,6.4,Tidak
2021-06-17,28,30.8,25.4,83,4.8,5.6,Ya
2021-06-18,27.7,30.4,25.6,79,3.3,6.4,Ya
2021-06-19,25.8,27.6,24.8,91,3.5,6.1,Ya
2021-06-20,26.6,30.8,24.2,83,3.3,6.1,Tidak
2021-06-21,26.9,32,25.2,81,8,6,Tidak
2021-06-22,28.3,31.2,25,76,3.1,6.4,Tidak
2021-06-23,27.6,30.8,25,82,4.4,6.4,Tidak
2021-06-24,27.4,30.2,25,81,3.7,6,Ya
2021-06-25,28.9,33,25.4,76,4.6,6.1,Tidak
2021-06-26,29.3,32.6,25.8,73,3.9,6.4,Tidak
2021-06-27,28.9,33,26.4,77,5.6,6.4,Tidak
2021-06-28,28.8,32.6,25,74,3.5,6.3,Tidak
2021-06-29,28.6,32.2,26.2,75,6.5,6.1,Ya
2021-06-30,27.8,30.2,26,79,2.6,6.4,Ya
2021-07-01,26.3,31,25,85,3,6.1,Ya
2021-07-02,28.9,32.4,24,73,4.6,6.1,Tidak
2021-07-03,29.3,33.8,26,71,3.5,6.4,Tidak
2021-07-04,29.6,33.8,25.6,69,4.6,6.4,Tidak
2021-07-05,29.2,32.4,26.2,71,4.3,6.4,Tidak
2021-07-06,29,32.2,25,69,3.5,6.4,Tidak
2021-07-07,28.7,31.8,26,68,5.2,6.4,Tidak
2021-07-08,29.1,33.2,25.2,64,2.8,6.4,Tidak
2021-07-09,29.7,34,25.4,69,3.9,6.4,Tidak
2021-07-10,29.2,32.6,25,75,5.4,6.4,Tidak
2021-07-11,29.1,32,26.6,75,6.5,6,Tidak
2021-07-12,29.4,33.4,26.6,65,3.5,6.4,Tidak
2021-07-13,28.1,31,24,76,6.5,6.4,Tidak
2021-07-14,28.4,31.6,26.6,74,2.4,6.4,Ya
2021-07-15,28.7,32,25.6,73,4.8,6.1,Tidak
2021-07-16,29.1,33,25.8,65,3.7,6.4,Tidak
2021-07-17,29.5,34,26,70,3.9,6.3,Tidak
2021-07-18,29.6,32.6,24,69,5.4,6.4,Tidak
2021-07-19,28.8,31.8,26.2,77,1.7,6.1,Tidak
2021-07-20,28.8,32.4,26.4,74,4.6,6.4,Tidak
2021-07-21,29.2,32.6,26.4,74,7.8,6.4,Ya
2021-07-22,28.9,32,26,75,5.6,6.4,Ya
2021-07-23,27.3,31,25.1,80,5.4,5.8,Ya
2021-07-24,27.6,31,25.4,81,3,6.4,Ya
2021-07-25,28.6,32.6,24.6,69,3.9,6.4,Tidak
2021-07-26,28.6,33.2,24,65,4.8,6.4,Tidak
2021-07-27,28.6,33.6,24.6,64,5.6,6.4,Tidak
2021-07-28,28.8,33.6,25,60,3,6.4,Tidak
2021-07-29,29.3,32.8,25.4,63,7.4,6.4,Tidak
2021-07-30,29.6,33,25,70,4.6,6.4,Tidak
2021-07-31,28.4,31.6,26,75,6.3,6.4,Ya
2021-08-01,28.5,32,25.6,76,6.1,6.1,Tidak
2021-08-02,28.8,32,25.9,73,4.1,6.4,Tidak
2021-08-03,29.3,32.4,26.2,71,5.9,5.6,Tidak
2021-08-04,29.5,32.4,25.8,71,10.2,6.3,Tidak
2021-08-05,26.9,31,25,79,4.4,6.1,Ya
2021-08-06,29,33,24.6,68,4.8,6.4,Tidak
2021-08-07,29.4,33.4,25,72,6.7,6.4,Tidak
2021-08-08,29.6,33.4,26.2,74,9.3,6.1,Tidak
2021-08-09,28.9,33,24.6,74,7.6,6.1,Ya
2021-08-10,27.3,30.8,24.6,84,4.1,6.3,Ya
2021-08-11,28.9,33.2,24.6,68,5.2,6.4,Tidak
2021-08-12,29.9,33.8,25.2,60,6.5,6.1,Tidak
2021-08-13,28.5,30.4,25.6,75,3.7,6.4,Tidak
2021-08-14,29.7,33.6,26.2,67,6.9,6.4,Tidak
2021-08-15,29.8,34.4,25.8,64,7.2,6.4,Tidak
2021-08-16,29.8,33.6,26.4,66,5.7,6.4,Tidak
2021-08-17,29.4,32.6,27,70,5.2,6.1,Tidak
2021-08-18,28.8,32,26.6,71,7.2,6.4,Tidak
2021-08-19,28.2,32.4,25,72,7.8,6.4,Tidak
2021-08-20,28.8,32.4,25.4,71,7.8,6,Ya
2021-08-21,27.6,30.8,25.8,76,6.3,6.4,Tidak
2021-08-22,28.9,33,25.6,78,3.7,6.1,Tidak
2021-08-23,29.2,31.8,25.6,74,4.8,6.4,Tidak
2021-08-24,28.7,32.2,26.2,74,5.7,6,Tidak
2021-08-25,29.1,31.8,26,65,4.6,6.4,Tidak
2021-08-26,29.5,33,26,63,6.1,6.4,Tidak
2021-08-27,29.1,33.2,25.6,68,5.4,6.4,Tidak
2021-08-28,30.1,33.4,26.2,61,3.9,6.4,Tidak
2021-08-29,28.8,32,27,72,3,6.1,Ya
2021-08-30,29.4,31.6,25.5,71,7.4,6.4,Tidak
2021-08-31,29.2,32.6,26.8,73,3.3,6.3,Tidak
2021-09-01,29.8,34,26.2,69,4.4,6.1,Tidak
2021-09-02,29.3,32.2,26.8,67,3.1,6.4,Tidak
2021-09-03,29.1,32.4,26.8,69,3.5,6.4,Tidak
2021-09-04,29.2,32,25,69,3.1,6.4,Tidak
2021-09-05,30,33.2,26.4,68,7.8,6.1,Tidak
2021-09-06,29.5,33.4,27.2,70,5.4,6.4,Tidak
2021-09-07,27.7,31.4,25.4,79,4.4,6.1,Ya
2021-09-08,27.4,32,25,78,8.1,6.3,Ya
2021-09-09,28.7,32.4,23.6,66,4.6,6.1,Tidak
2021-09-10,29.4,32.8,24.8,62,5.2,6.4,Tidak
2021-09-11,29.6,32.4,26,69,3.5,6.4,Tidak
2021-09-12,28.9,31.2,27.2,74,5.2,6.4,Tidak
2021-09-13,29,33.2,24.8,74,6.5,6.1,Ya
2021-09-14,26,27.6,24.4,86,3.7,6.1,Ya
2021-09-15,28.9,31.8,24,77,5.6,6.4,Tidak
2021-09-16,29.6,33.6,25,73,4.8,6.3,Tidak
2021-09-17,30.2,34.2,26.6,68,3.5,6.4,Tidak
2021-09-18,30.8,35,26.8,61,2.2,6.4,Tidak
2021-09-19,28.5,32.4,26.2,75,4.6,6.4,Ya
2021-09-20,29.3,31.8,26,69,2,6.4,Tidak
2021-09-21,29.1,32.6,25,69,3.9,6.4,Tidak
2021-09-22,29.9,33.8,26.4,66,5,6.4,Tidak
2021-09-23,30.1,33.8,27,65,5.9,6.4,Tidak
2021-09-24,30,34,25.6,68,7.2,6.4,Tidak
2021-09-25,30.1,33.6,27,72,8.1,6.1,Tidak
2021-09-26,29.2,33,26.2,75,6.3,6.4,Ya
2021-09-27,29.5,32.6,26.2,76,5,6.4,Ya
2021-09-28,29.5,33.2,25,75,6.7,6.3,Tidak
2021-09-29,29.8,32.6,26.6,72,4.8,6.1,Tidak
2021-09-30,29.1,32.4,26.2,72,5.6,6.4,Ya
2021-10-01,29.7,33.6,26.2,72,4.6,6.4,Tidak
2021-10-02,28.9,31.4,26,74,4.3,6.4,Tidak
2021-10-03,29.4,33.2,25.6,69,7.8,6.1,Tidak
2021-10-04,28.3,32.4,25.8,73,4.8,6.4,Ya
2021-10-05,29.3,33,25.4,67,6.3,6.4,Tidak
2021-10-06,28.9,33.2,26.6,72,2.8,6.4,Tidak
2021-10-07,29.3,32.4,25.6,66,5.7,6.1,Tidak
2021-10-08,29.1,31.6,25.8,70,6.5,6.4,Tidak
2021-10-09,30.2,33.8,26.6,68,5.7,6.4,Tidak
2021-10-10,29.9,32.8,26,69,5.7,6.4,Tidak
2021-10-11,29.5,33.6,26.8,67,8.3,6.1,Tidak
2021-10-12,30.1,33,26.6,66,5.7,6.4,Tidak
2021-10-13,30.3,33.4,27.4,65,4.6,6.4,Tidak
2021-10-14,29.8,33.2,25.8,71,4.4,6,Tidak
2021-10-15,29.9,34.2,27.2,69,4.4,6.4,Tidak
2021-10-16,30.5,33.6,26.8,68,5.4,6.4,Tidak
2021-10-17,30.3,33.8,25.2,71,4.4,5.5,Ya
2021-10-18,25.9,28.4,24.8,90,0.7,6,Ya
2021-10-19,28.4,33.2,24.6,75,5.6,6.3,Tidak
2021-10-20,29.1,32.6,26,76,5,6.1,Ya
2021-10-21,28.7,32,26,76,1.7,6.3,Tidak
2021-10-22,29.4,32.4,26,71,3.9,6.4,Tidak
2021-10-23,29.7,32.8,26.4,73,4.4,6.1,Tidak
2021-10-24,30.3,33.2,27,70,4.3,6.4,Tidak
2021-10-25,28.9,33.2,26.6,74,3.9,6.3,Ya
2021-10-26,30,33.8,26,71,4.8,6.4,Tidak
2021-10-27,28.2,32.8,25.6,80,7.2,6,Ya
2021-10-28,27.1,31.4,25.2,86,3,6.3,Ya
2021-10-29,29.3,32.8,25,70,4.6,6.4,Tidak
2021-10-30,28.9,33,26,77,7.6,6.1,Ya
2021-10-31,28.9,32.8,26.6,75,4.3,6.3,Tidak
2021-11-01,27.5,31.4,25.8,84,2.2,6.1,Ya
2021-11-02,28.4,32.6,25.8,75,3.3,6.4,Tidak
2021-11-03,29,32.6,26.8,76,3,6.4,Ya
2021-11-04,28.6,32.6,26.4,77,6.5,6.1,Ya
2021-11-05,27.7,29.8,26.4,84,1.9,6.1,Ya
2021-11-06,29.8,32.8,27,74,7.4,6.4,Tidak
2021-11-07,27.1,32.4,25.2,85,6.7,6,Ya
2021-11-08,28.8,32.2,25.2,77,4.1,6.3,Tidak
2021-11-09,28.9,32,25.6,77,4.4,6.4,Ya
2021-11-10,28.6,33.4,26.2,76,4.6,6.3,Tidak
2021-11-11,28.7,31.6,25,73,10.7,5.8,Tidak
2021-11-12,28.4,33.6,25.4,75,1.9,6.1,Ya
2021-11-13,27.2,31.6,24.8,86,3,6.1,Ya
2021-11-14,29.4,34.6,25.4,73,4.8,5.6,Ya
2021-11-15,27.7,29.6,26,77,5.6,5.8,Tidak
2021-11-16,29.7,33.6,26.6,69,6.5,6.4,Tidak
2021-11-17,30,34,26.4,69,4.4,6.4,Tidak
2021-11-18,29.4,33.8,26.4,72,2.6,6.4,Tidak
2021-11-19,28,30.6,25,73,5.7,6.4,Tidak
2021-11-20,28,31.8,26,79,6.1,6,Tidak
2021-11-21,29.7,32.4,25.2,71,8.5,6.4,Tidak
2021-11-22,29.2,32.8,26.6,74,6.1,6.4,Tidak
2021-11-23,27.8,32.4,25,72,15.2,6.4,Ya
2021-11-24,29.5,33.8,25.6,65,7.4,6.1,Tidak
2021-11-25,29,33.8,26.8,71,3.1,6.4,Ya
2021-11-26,27.5,34,25.4,81,6.5,6.3,Ya
2021-11-27,27.1,32.6,24.2,78,8,6.3,Ya
2021-11-28,27.9,32.8,24,77,18.3,6,Ya
2021-11-29,28.9,32.4,25.6,73,7.6,6.4,Tidak
2021-11-30,29.1,31.8,26.6,74,5.7,6.4,Tidak
2021-12-01,29.8,34.6,25,63,10.7,6.4,Tidak
2021-12-02,30.8,35.2,27.2,64,10.9,6.4,Tidak
2021-12-03,29.4,32.4,27,72,6.5,6.3,Tidak
2021-12-04,26.5,29,25.8,83,3.5,6.1,Ya
2021-12-05,26.2,28.2,25,85,1.1,5.6,Ya
2021-12-06,26.8,32,24.4,84,4.4,6.1,Ya
2021-12-07,26.8,29,24,86,3.5,6,Ya
2021-12-08,28,32.6,24.4,82,7.8,6.3,Ya
2021-12-09,27.9,31,25,84,5.6,6.4,Tidak
2021-12-10,28,31.8,24.8,82,8.3,6,Ya
2021-12-11,27.8,30.6,25,83,4.6,6.4,Tidak
2021-12-12,29.3,32.8,26.8,72,7,6.4,Tidak
2021-12-13,29.5,32,25,73,8.1,6.4,Tidak
2021-12-14,28.7,31.6,26.8,80,4.4,6,Ya
2021-12-15,28.7,31.5,26.9,77,2.2,6.1,Tidak
2021-12-16,28.2,32.6,26,81,4.8,5.6,Tidak
2021-12-17,28.3,32.4,25.5,78,3.5,6.3,Tidak
2021-12-18,28.4,32.8,25.8,78,6.3,6,Ya
2021-12-19,29.3,32.6,26,79,3,6.4,Tidak
2021-12-20,28.1,33,26,80,1.3,6.4,Ya
2021-12-21,26.7,29.8,25,87,3.1,6,Ya
2021-12-22,28.6,32.6,24.6,76,3.9,6.4,Tidak
2021-12-23,26.7,31.6,24.7,85,2,6.1,Ya
2021-12-24,28.1,32.6,24.6,79,2.6,6.3,Tidak
2021-12-25,27.7,31.4,24,81,5.6,6.1,Ya
2021-12-26,28.5,31.4,24,76,3.1,6.4,Tidak
2021-12-27,28.3,30.8,24.2,79,4.1,6.3,Tidak
2021-12-28,28.1,31.6,25.2,81,6.1,6.3,Ya
2021-12-29,28.3,30.8,24.6,79,3,6.3,Tidak
2021-12-30,27.6,30.2,25.8,85,4.4,6.3,Tidak
2021-12-31,29.3,33.6,25.8,74,3.9,6.1,Ya
2022-01-01,29.2,32.4,25,73,3.7,6.4,Tidak
2022-01-02,28.2,32.4,25.8,78,8.3,6.1,Tidak
2022-01-03,29.3,32.8,25.8,70,7,6.4,Tidak
2022-01-04,29.2,32.4,25.8,74,3.1,6.4,Tidak
2022-01-05,29.1,33,26,77,5.7,6.3,Ya
2022-01-06,27.8,31.8,25.6,85,3.1,6.3,Ya
2022-01-07,29.1,35,25.6,72,4.8,6.4,Ya
2022-01-08,29.3,32.4,26.2,75,3.9,6.4,Tidak
2022-01-09,29.4,32.6,26.6,75,5.7,6.4,Tidak
2022-01-10,28.2,31.8,24.9,79,6.3,6.4,Ya
2022-01-11,26.7,30.6,24.4,85,5.2,5.8,Ya
2022-01-12,26.8,31.2,24.4,85,7,6.4,Ya
2022-01-13,27.5,30.8,24.6,83,2.4,6.4,Ya
2022-01-14,26.8,31.4,24,86,4.6,6,Ya
2022-01-15,27.4,29.4,24.6,86,6.1,6.1,Tidak
2022-01-16,27.1,29,25,88,6.3,5.8,Ya
2022-01-17,28,30.8,25.2,84,6.1,6.4,Ya
2022-01-18,26.1,29,24.6,90,9.1,6,Ya
2022-01-19,27.2,30.2,24.4,83,10.2,6,Tidak
2022-01-20,26.1,29,24.6,84,5.6,6.1,Ya
2022-01-21,28,31,24.8,78,5.2,6.3,Ya
2022-01-22,27.8,30.4,25.1,80,7,6.4,Ya
2022-01-23,29.5,32.8,24.6,72,12.4,6.4,Tidak
2022-01-24,30.1,34.4,26.2,70,6.1,6.4,Tidak
2022-01-25,28.9,31.4,26.6,79,3.1,6.3,Tidak
2022-01-26,27.7,30,25,82,5.2,6.1,Ya
2022-01-27,28.3,31.8,25.6,79,5,6.4,Ya
2022-01-28,28.5,32.4,25.6,77,3.9,6.4,Tidak
2022-01-29,28.1,30.8,25.8,78,7,6.4,Tidak
2022-01-30,28.6,31.8,25,78,5.7,6.3,Tidak
2022-01-31,28.6,31.6,26,77,5.7,6.4,Tidak
2022-02-01,28.1,31.2,24.4,80,4.3,6.1,Ya
2022-02-02,28.3,31.2,24.4,80,3,6.4,Tidak
2022-02-03,28.7,32,24,77,5.6,6.3,Ya
2022-02-04,27.1,31,23.6,85,5.7,6.4,Ya
2022-02-05,26.4,28.6,25,87,3.5,6.1,Ya
2022-02-06,28.1,31.4,25.2,80,9.6,6.4,Ya
2022-02-07,28.5,30.4,26.6,77,6.7,6.4,Ya
2022-02-08,26.4,28,25.2,91,0,5.5,Ya
2022-02-09,27.3,30.8,24.9,80,10.6,6.4,Tidak
2022-02-10,27.9,31.2,24.8,77,5.9,6.4,Tidak
2022-02-11,28.3,30.8,24.6,77,4.8,6.3,Ya
2022-02-12,27.8,29.6,25.4,82,6.5,6.1,Tidak
2022-02-13,27.1,29.4,25.4,85,5.7,6,Ya
2022-02-14,26.8,30.6,24.6,82,2.8,6,Ya
2022-02-15,27.6,32.6,24.2,82,4.6,6.3,Ya
2022-02-16,28.2,32.6,25,79,4.8,6,Ya
2022-02-17,28,31,24.8,80,2,6.4,Tidak
2022-02-18,27.3,30,25,87,1.5,6,Ya
2022-02-19,27.9,32.4,25,82,3.7,6.3,Ya
2022-02-20,28.1,30.8,25.6,81,4.8,6.1,Ya
2022-02-21,28.7,32.4,26,76,3.1,6.1,Ya
2022-02-22,29.2,34.4,25.4,74,3.7,6.3,Ya
2022-02-23,27.2,32.2,24.5,80,8.7,6.1,Ya
2022-02-24,29.2,33.2,24.4,65,8.9,6.1,Tidak
2022-02-25,27.4,29.8,24.6,75,6.7,6.3,Ya
2022-02-26,28.1,32.4,24.6,74,9.1,6.4,Tidak
2022-02-27,27.9,31.2,25.6,78,7.4,6.3,Ya
2022-02-28,28.2,31,25,78,5.6,6,Ya
2022-03-01,26.5,29.2,24.6,84,3.7,6,Ya
2022-03-02,27.8,32.4,24.6,79,6.9,6.1,Ya
2022-03-03,28.7,32.4,25.2,77,12.8,6.3,Ya
2022-03-04,28.6,31.6,25,74,6.3,6.1,Ya
2022-03-05,26.9,33.4,25.4,81,7.2,6.1,Ya
2022-03-06,28.3,32.8,25,74,14.4,6.3,Tidak
2022-03-07,29,33,26.2,72,7.6,6.3,Tidak
2022-03-08,28.2,32,25,79,4.6,6.3,Ya
2022-03-09,28.2,31.8,26,79,4.3,6.4,Tidak
2022-03-10,28.8,32.4,26,76,4.4,6.4,Tidak
2022-03-11,28.3,32,25.4,80,10.4,6.4,Ya
2022-03-12,27.4,31.8,25.8,85,3,6.1,Ya
2022-03-13,28.2,31.4,26.2,83,3.9,6.4,Tidak
2022-03-14,28.2,33.6,26.4,85,0.7,6.3,Tidak
2022-03-15,26.8,30.2,25.2,86,2.8,6,Ya
2022-03-16,29.5,33.4,25.2,75,2.4,6.1,Tidak
2022-03-17,29.1,32,25.6,80,3.1,6.4,Ya
2022-03-18,29.2,33.6,26.4,77,4.4,6.1,Tidak
2022-03-19,29.7,34.4,26,70,14.1,6.4,Tidak
2022-03-20,30.1,35,27,65,11.9,6.4,Tidak
2022-03-21,29.8,33.2,27.4,69,13.9,6.4,Tidak
2022-03-22,29.3,32.6,26.8,74,5.9,6.3,Ya
2022-03-23,27.8,32.2,25.6,79,2,6,Ya
2022-03-24,29.1,33,25.4,76,5,6.4,Tidak
2022-03-25,29.3,33.4,25.8,77,3.9,6.4,Tidak
2022-03-26,26.1,30,24.4,89,2,6.1,Ya
2022-03-27,27.8,32.6,24.2,83,7.4,6,Ya
2022-03-28,28.6,32.2,25,77,7.2,6.4,Tidak
2022-03-29,29.6,32.8,25.4,73,5.6,6.4,Tidak
2022-03-30,29.3,32.6,26.6,72,4.3,6.1,Tidak
2022-03-31,28.8,32.8,26.6,76,6.5,6,Tidak
2022-04-01,28.3,31.6,26.4,79,3.1,6,Ya
2022-04-02,28.3,31.7,26.2,78,7.8,6.1,Ya
2022-04-03,26.7,33,25.4,84,6.9,6,Ya
2022-04-04,29.1,32.8,25,72,6.3,6.1,Tidak
2022-04-05,27.5,32.4,24.8,80,3.7,6.3,Ya
2022-04-06,28.9,34.4,24.8,73,1.7,6.4,Ya
2022-04-07,29.1,33.6,25,74,7,6.4,Tidak
2022-04-08,27.9,34.2,25,78,1.1,6,Ya
2022-04-09,29.1,32,25.6,72,2.8,6.4,Tidak
2022-04-10,29.3,33.2,26,72,4.4,6.4,Tidak
2022-04-11,28.2,32.8,25.4,79,3.9,6,Ya
2022-04-12,28.3,32.6,25,80,5.7,6,Ya
2022-04-13,28.9,31.6,25.4,76,1.7,6.1,Ya
2022-04-14,29.2,32.4,25.4,75,5.6,6.4,Tidak
2022-04-15,29.9,34,26,74,4.6,6.4,Tidak
2022-04-16,29.7,32.8,25,74,5.7,6.1,Tidak
2022-04-17,30.2,33.2,26.6,76,3.5,6.4,Tidak
2022-04-18,29.4,33.6,26.2,78,5.7,6.4,Tidak
2022-04-19,29,32.8,26.4,77,6.5,6.4,Tidak
2022-04-20,28.8,33,25,76,6.5,5.8,Ya
2022-04-21,27.2,29.2,26,85,0.9,6,Ya
2022-04-22,26.3,30.8,25,88,1.1,5.3,Ya
2022-04-23,29.1,33.6,24.8,78,4.4,6.4,Tidak
2022-04-24,29.2,33,25,75,4.6,6.3,Ya
2022-04-25,28.7,34.2,25.6,77,2.6,6.1,Ya
2022-04-26,29.9,34,25.6,71,3.5,6.4,Tidak
2022-04-27,29.3,34.6,25,74,5.4,6.3,Ya
2022-04-28,28.2,31.6,24,79,6.5,6.1,Ya
2022-04-29,29.4,34,25.4,75,6.5,6.4,Tidak
2022-04-30,28.6,32.2,26.6,79,3.5,6.4,Tidak
2022-05-01,28.7,32.6,26.6,82,3.1,6.3,Ya
2022-05-02,27.7,31.6,25.4,84,6.7,6,Ya
2022-05-03,29.1,32.6,25,78,3.1,6.4,Tidak
2022-05-04,28.8,33,25.4,77,3.5,6.4,Tidak
2022-05-05,30,34,26.4,74,3.5,6.3,Tidak
2022-05-06,30.4,34.8,26,72,1.5,6.4,Tidak
2022-05-07,29.9,33,27.6,74,3.5,6.4,Tidak
2022-05-08,30.6,33.6,27.4,72,3.1,6.4,Tidak
2022-05-09,29.2,34,26.6,75,6.3,6.1,Tidak
2022-05-10,29.6,33.8,25.4,77,4.4,6.1,Ya
2022-05-11,29.4,33.2,25.4,78,5,6.3,Tidak
2022-05-12,28.7,34,26.2,79,9.4,6.3,Ya
2022-05-13,29.3,33.6,26.6,78,4.4,6.1,Ya
2022-05-14,29.7,32.6,26,80,3.7,6.1,Tidak
2022-05-15,28.6,34.2,26.2,82,3.1,6.3,Ya
2022-05-16,29.1,33.8,26,76,3.1,6.1,Ya
2022-05-17,29.6,33.2,26.6,77,4.8,6.4,Tidak
2022-05-18,28.3,33.8,25.8,80,1.9,6.3,Ya
2022-05-19,27.8,32,25.6,85,3.3,6.1,Ya
2022-05-20,27.5,31.6,25.2,84,3,6.3,Ya
2022-05-21,28.1,31.2,25,79,3.9,6.4,Tidak
2022-05-22,27.8,30.4,25.2,83,3.5,6.1,Tidak
2022-05-23,29.3,32.6,26.2,75,3.5,6.4,Tidak
2022-05-24,30,32.8,26.6,73,7,6.4,Tidak
2022-05-25,28.2,33,26.6,80,3,6.3,Ya
2022-05-26,27.3,30.6,25,82,1.7,6,Ya
2022-05-27,28.6,33.2,24.8,78,5.2,6.4,Ya
2022-05-28,26,30,23.4,85,3.1,6.3,Ya
2022-05-29,27.6,32.8,23.2,80,3.5,6.3,Ya
2022-05-30,-,-,-,-,-,-,Ya
2022-05-31,27.7,32.4,26,79,5.9,6.3,Tidak
2022-06-01,29.2,34.6,25.2,73,2.4,6.4,Tidak
2022-06-02,27.9,34,25.4,80,5.2,6.3,Tidak
2022-06-03,28.9,33.6,24.6,74,3.5,6.1,Tidak
2022-06-04,29.1,32.2,25.8,73,4.1,6.4,Tidak
2022-06-05,28.8,32.6,26.4,75,6.3,6.4,Ya
2022-06-06,27.6,31.8,25,77,1.1,6,Tidak
2022-06-07,28.2,32,25.4,80,1.1,6.1,Tidak
2022-06-08,27.7,30.8,25.6,82,0.7,6.1,Ya
2022-06-09,26.6,31.8,24.8,87,0,6.3,Ya
2022-06-10,28.9,34,24.4,74,4.4,6.1,Tidak
2022-06-11,28.5,32.4,25,80,4.4,6,Tidak
2022-06-12,28.1,31.4,25.2,78,4.3,6.4,Tidak
2022-06-13,28.1,31.2,25.8,76,3,6,Tidak
2022-06-14,28.5,31.6,25.8,74,2.4,6.4,Tidak
2022-06-15,27.1,30.6,25,85,0,5.6,Ya
2022-06-16,27.2,29.8,24.6,84,0.9,6.4,Tidak
2022-06-17,26.9,29,24.8,85,0.9,6,Tidak
2022-06-18,27.3,30.6,24.6,80,5.4,6.4,Tidak
2022-06-19,28.8,32.4,24.8,77,4.8,6.1,Tidak
2022-06-20,29.1,32.4,25,73,5.2,6.3,Tidak
2022-06-21,28.9,32.8,25.4,74,3,6.3,Ya
2022-06-22,28.6,32.4,25.2,78,1.1,6,Ya
2022-06-23,29.4,33,25,71,3.1,6.1,Tidak
2022-06-24,28.2,31.4,26.4,79,1.7,6,Tidak
2022-06-25,28.6,32.4,26.6,76,3.3,6.1,Tidak
2022-06-26,28.3,30.6,26.4,79,4.3,6.4,Tidak
2022-06-27,28.3,33,24.8,78,2.8,6,Ya
2022-06-28,28.6,31.8,25.2,74,5.6,6.4,Tidak
2022-06-29,28.7,32.6,25.4,71,6.3,6.4,Tidak
2022-06-30,28.6,31.6,25.2,71,5.7,6.4,Tidak
2022-07-01,29.3,33.2,23.8,69,1.5,6.1,Tidak
2022-07-02,29.3,32.4,25.6,75,2.8,6.4,Ya
2022-07-03,29.1,32.2,27.2,79,2.8,6,Tidak
2022-07-04,29.8,33.6,27.4,74,5.6,6.4,Tidak
2022-07-05,30.2,33.2,25,75,3.7,6.4,Tidak
2022-07-06,26.9,28.6,25,87,0.9,6.1,Tidak
2022-07-07,29.1,32.4,25.4,76,2.4,6.4,Tidak
2022-07-08,29.1,31.8,26,74,6.1,6,Tidak
2022-07-09,28.7,32,25,70,6.3,6.1,Tidak
2022-07-10,28.8,32.4,25.2,69,3.1,6.4,Tidak
2022-07-11,29.1,32.4,25.4,71,4.4,6.4,Tidak
2022-07-12,29.5,33.4,26.4,74,3.5,6.4,Tidak
2022-07-13,28.3,32,25,79,6.5,6,Ya
2022-07-14,29.2,32.8,26,75,5.7,6.4,Tidak
2022-07-15,28.2,32.8,24.8,79,2.8,6.3,Ya
2022-07-16,26.9,30,23.6,79,2.4,6,Ya
2022-07-17,27.8,31.4,23,80,3.7,6,Tidak
2022-07-18,28.9,32.6,25.4,77,3,6.4,Tidak
2022-07-19,29.4,33.4,25.6,75,3.9,6.4,Tidak
2022-07-20,29.7,33.6,26.8,74,3.1,6.4,Tidak
2022-07-21,29.2,32.4,25,71,5.4,6.1,Tidak
2022-07-22,28.8,32.2,26.4,74,3.9,6.1,Tidak
2022-07-23,29.1,32.8,26,75,4.3,6.4,Tidak
2022-07-24,29.4,34.4,26.4,73,4.8,6.4,Tidak
2022-07-25,28.9,32.4,25,71,3.1,6,Tidak
2022-07-26,28.5,32.4,26.4,71,4.8,6.3,Tidak
2022-07-27,29.3,33.6,26.2,67,3.3,6.4,Tidak
2022-07-28,29.6,33,26.4,72,3,6.4,Tidak
2022-07-29,29.4,32.4,25,72,0,6.3,Tidak
2022-07-30,29.1,32.2,26.8,76,5.4,6.4,Tidak
2022-07-31,29.1,32.2,26.4,75,3.5,6.4,Tidak
2022-08-01,29.7,33.8,26,71,0.9,6.4,Tidak
2022-08-02,29.6,33,25,73,5.6,6.1,Tidak
2022-08-03,29.4,33.4,25.6,73,0.9,6,Ya
2022-08-04,28.4,32,25.6,81,6.9,6.4,Tidak
2022-08-05,28,30.8,25.8,80,9.1,6,Tidak
2022-08-06,28.3,32,25,75,8.5,6,Ya
2022-08-07,28.4,32,25.6,75,3.3,6.4,Tidak
2022-08-08,29.4,33.2,25.8,70,3.5,6.4,Tidak
2022-08-09,29.6,33.2,26.4,67,5.4,6.4,Tidak
2022-08-10,30.3,34,25,67,8.3,6.3,Tidak
2022-08-11,30.2,34.2,26.8,69,6.1,6.4,Tidak
2022-08-12,29,33.4,26.4,74,6.5,6.3,Tidak
2022-08-13,29.3,32.6,26,74,5.4,6.4,Tidak
2022-08-14,29.4,33.8,25,72,7.2,6.1,Tidak
2022-08-15,29.1,32.2,26.8,73,2.4,6,Ya
2022-08-16,28.4,32.4,25.8,78,4.4,6.3,Ya
2022-08-17,29.3,32.6,25.4,75,5,6,Tidak
2022-08-18,29.6,33.6,25,67,3.7,6.4,Tidak
2022-08-19,30.3,35,26.6,61,5.7,6.4,Tidak
2022-08-20,29.7,33.6,27.2,68,5.4,6.4,Tidak
2022-08-21,29.2,32.8,26,72,4.1,6.4,Tidak
2022-08-22,28.2,30.8,25,79,2.8,6.3,Tidak
2022-08-23,30,34.8,26.2,67,2.8,6.4,Tidak
2022-08-24,29.4,32.4,27,72,4.6,6.4,Tidak
2022-08-25,29.5,33.2,26.6,64,2.8,6.4,Tidak
2022-08-26,29.7,32.4,27.4,68,3.7,6.1,Tidak
2022-08-27,28.6,32.4,26.4,77,6.1,6.4,Tidak
2022-08-28,28.1,30.6,26,78,2.4,6.4,Tidak
2022-08-29,28.6,32.6,25.8,74,5.4,6.4,Tidak
2022-08-30,29.3,32.8,25,74,4.6,6.1,Tidak
2022-08-31,29.4,33,26.4,69,2.2,6.4,Tidak
2022-09-01,28.9,32.4,27.2,75,4.8,6,Ya
2022-09-02,29.2,33.6,26.4,73,2,6.4,Tidak
2022-09-03,28.5,33,25,71,12.8,6.1,Tidak
2022-09-04,29.2,32.2,26.2,70,2.8,6.4,Tidak
2022-09-05,29.6,32.4,26.6,75,5.6,6.4,Tidak
2022-09-06,29.7,34.6,25.4,71,1.5,6.4,Tidak
2022-09-07,27.5,31,25,83,0.7,6,Ya
2022-09-08,26.6,28.6,25.4,86,1.1,6,Ya
2022-09-09,26.7,31.2,24.4,83,3.1,6.3,Ya
2022-09-10,26.8,30.4,24.2,83,5.7,6.4,Tidak
2022-09-11,27.6,31.6,25,80,6.3,6,Tidak
2022-09-12,28.7,31.6,25,75,3.7,6.4,Tidak
2022-09-13,28.6,31.6,25.6,74,3.7,6.4,Tidak
2022-09-14,29.3,32.6,25.4,66,3.1,6.3,Tidak
2022-09-15,29,33.2,25,71,6.5,6.1,Tidak
2022-09-16,29.2,33.2,26.2,67,5.4,6.3,Tidak
2022-09-17,29.4,32.4,26.2,72,3.5,6.4,Tidak
2022-09-18,29.1,31.8,26.8,77,5.4,6.3,Ya
2022-09-19,29.4,34.4,26,67,1.7,6.1,Tidak
2022-09-20,29.3,32,26,69,5.4,6.3,Tidak
2022-09-21,29,32.2,26.4,74,4.4,6.4,Tidak
2022-09-22,27.8,31.6,26,81,1.9,6.1,Ya
2022-09-23,28,31.8,26,78,5.6,6.3,Tidak
2022-09-24,29.6,33.6,25.8,72,3.7,6.4,Tidak
2022-09-25,29.4,32.6,26.4,72,4.6,6.4,Tidak
2022-09-26,29.8,34.4,26.4,67,4.4,6.4,Tidak
2022-09-27,29.5,32.4,24.6,71,4.4,6.3,Tidak
2022-09-28,29.7,32.4,26.4,67,7.8,6.4,Tidak
2022-09-29,29.6,32.2,27,70,4.4,6.4,Tidak
2022-09-30,29.3,32.6,26.6,72,3.5,6.4,Tidak
2022-10-01,30.1,33.8,26,72,6.1,6.1,Tidak
2022-10-02,27.8,30.4,25.4,81,3,6.3,Ya
2022-10-03,28.4,32.4,24.8,79,3,6.4,Ya
2022-10-04,27.2,32.8,25,82,3.1,6,Ya
2022-10-05,27.8,30.6,25,83,0,6,Tidak
2022-10-06,27.6,33.6,25,81,5.7,6.1,Ya
2022-10-07,27.2,32.2,24.8,81,1.9,6.3,Ya
2022-10-08,28.6,33.4,24.5,73,2.6,6.4,Tidak
2022-10-09,27.9,31.4,25.1,76,5,6.3,Tidak
2022-10-10,28.3,31.2,25.6,76,2.2,6.1,Tidak
2022-10-11,27.2,31.8,24.8,82,4.4,6.4,Ya
2022-10-12,29.1,32.8,24.6,70,4.1,6.3,Tidak
2022-10-13,27.7,31.6,25,80,4.8,6,Ya
2022-10-14,29.7,32.4,27,68,8.7,6.4,Tidak
2022-10-15,28.2,31.8,26.2,80,1.7,6.4,Ya
2022-10-16,28.6,31.6,25.8,80,2,6.3,Ya
2022-10-17,28.9,32.4,27,79,0,5.6,Ya
2022-10-18,27.9,30.6,26.6,81,3.1,6,Tidak
2022-10-19,27.6,31.6,25.5,81,1.9,6,Ya
2022-10-20,28.3,32,25.2,76,4.3,6.4,Tidak
2022-10-21,28.6,30.8,26.8,77,1.3,6.1,Tidak
2022-10-22,28.6,31.4,25.6,79,3.7,6.1,Ya
2022-10-23,29.4,32.8,25.6,72,6.5,6.4,Tidak
2022-10-24,-,-,-,-,-,-,Ya
2022-10-25,26.1,31,24.2,84,13,5.6,Ya
2022-10-26,27.7,31.6,23.8,77,6.3,6,Ya
2022-10-27,28.6,32.4,24.1,72,7,6.4,Tidak
2022-10-28,30.9,35.4,24.8,53,7.4,6.4,Tidak
2022-10-29,29.1,32.4,24.6,70,4.6,6.4,Tidak
2022-10-30,29.5,33,26.6,67,5.2,6.4,Tidak
2022-10-31,29.4,32,27,71,0.9,6.4,Tidak
2022-11-01,29.3,32,26.6,73,4.8,6.4,Tidak
2022-11-02,29.1,32.4,25.4,75,7.6,6,Tidak
2022-11-03,29.1,32.2,26.8,73,3.5,6.3,Tidak
2022-11-04,28.3,33.2,25.4,77,2.8,6.4,Ya
2022-11-05,28.6,32.6,25.4,76,2.6,6.3,Tidak
2022-11-06,28.4,30.8,24.2,79,1.1,5.6,Ya
2022-11-07,27.5,30.4,25.6,82,0.7,6.1,Ya
2022-11-08,27.3,30.2,25.2,83,3.1,6.4,Ya
2022-11-09,28.4,31.6,24.8,71,2.2,6,Tidak
2022-11-10,27.7,31.2,25,82,4.4,6,Ya
2022-11-11,27.9,30.6,25.8,74,6.3,6.1,Ya
2022-11-12,27.2,32.4,25.2,82,1.5,6.3,Tidak
2022-11-13,27.3,30.6,25,82,4.8,6.4,Tidak
2022-11-14,28.7,32.8,24.2,77,3.7,6.1,Ya
2022-11-15,29.1,32.4,24.8,70,3.5,6.3,Tidak
2022-11-16,29,31,25.2,77,4.6,6.4,Ya
2022-11-17,26.4,28,24.8,84,2.6,5.8,Ya
2022-11-18,28.1,32.4,25,75,4.8,6.3,Ya
2022-11-19,29.1,33.2,25.8,72,7.8,6.4,Tidak
2022-11-20,29.5,33.6,26.6,68,8.1,6.4,Tidak
2022-11-21,30.1,34.6,26.2,62,6.9,6.4,Tidak
2022-11-22,30.1,34.2,27,66,8,6.6,Tidak
2022-11-23,28.8,33.4,25,68,4.6,6.3,Ya
2022-11-24,28.4,31,26,75,0.7,6.4,Tidak
2022-11-25,28.3,31.4,25.4,76,1.1,6.4,Tidak
2022-11-26,26.3,31.4,24.7,85,4.4,5.8,Ya
2022-11-27,28.3,31.2,24.4,79,3.1,6.4,Ya
2022-11-28,27.8,31.4,25,83,5.4,6.4,Ya
2022-11-29,28.9,33,24.6,75,9.4,6.3,Tidak
2022-11-30,28.6,33,25,77,2.8,6.1,Tidak
2022-12-01,28.5,32.4,26,76,8.1,6.3,Ya
2022-12-02,27.7,31.4,25.2,79,3.7,6.3,Tidak
2022-12-03,28.3,32,25,76,4.4,6.4,Ya
2022-12-04,28.4,31.2,25,76,7.6,6.3,Tidak
2022-12-05,28.7,32.2,26,76,4.8,6.4,Tidak
2022-12-06,27.6,30.4,25.8,81,4.3,6,Ya
2022-12-07,28.2,31.2,25.4,78,4.8,6.4,Tidak
2022-12-08,27.8,33,25,78,4.6,6,Ya
2022-12-09,25.8,31.8,24.2,86,2.8,5.8,Ya
2022-12-10,28.4,33.2,24.2,75,4.4,6.3,Ya
2022-12-11,28.7,33.4,25.4,71,4.8,6.4,Tidak
2022-12-12,28.1,33.2,25,73,8.3,6.1,Ya
2022-12-13,28.8,32.4,25.6,66,9.4,6.4,Tidak
2022-12-14,28.7,32,26.6,73,6.1,6.4,Tidak
2022-12-15,30.3,34.8,26.6,65,30.4,6.4,Tidak
2022-12-16,27.4,32,25.4,77,4.4,5.8,Ya
2022-12-17,28.2,32.2,25.4,80,3.5,6.3,Ya
2022-12-18,28,32.8,25.4,78,3.9,6.3,Tidak
2022-12-19,28.8,32,25.2,74,4.8,6.3,Tidak
2022-12-20,28.2,31,25.2,77,5.2,6,Tidak
2022-12-21,28.3,31.8,25.8,79,7.2,6.4,Tidak
2022-12-22,27,31.8,24.8,84,4.6,6.3,Ya
2022-12-23,27.8,30,24.6,80,5.2,6,Ya
2022-12-24,27.3,30,24.8,84,7.4,6.1,Ya
2022-12-25,26.3,28.2,24.8,87,2.8,6,Ya
2022-12-26,26.4,29,24.2,87,0,6,Ya
2022-12-27,26.7,29.2,23.6,80,4.3,6,Tidak
2022-12-28,25.3,29.8,23.6,87,8.9,5.6,Ya
2022-12-29,26.7,29.2,23.4,81,8.1,6.1,Ya
2022-12-30,26.7,30.6,24,87,2,6,Ya
2022-12-31,26,29.6,24.6,86,5,6.3,Ya
2023-01-01,26.4,29.8,23.6,85,4.6,6,Ya
2023-01-02,27.4,29.4,24.2,80,7.2,6,Ya
2023-01-03,26.6,29.6,24.6,82,5,6,Ya
2023-01-04,25.7,29,24,89,0,6.1,Ya
2023-01-05,27.8,32.6,24,76,5.2,6.3,Ya
2023-01-06,29.7,33.4,24.4,66,6.3,6.4,Tidak
2023-01-07,29.8,33.8,26.8,68,7,6.4,Ya
2023-01-08,28.8,32,27,72,7.6,6.3,Ya
2023-01-09,29.4,32.6,27.2,69,10,6.1,Tidak
2023-01-10,29.9,34.4,27,63,4.6,6.1,Tidak
2023-01-11,29.3,32,26.2,70,2.6,6.4,Tidak
2023-01-12,29.6,32,27.4,68,0.7,6.4,Tidak
2023-01-13,28.8,32.6,25,76,4.4,6,Ya
2023-01-14,29.4,32,26.8,70,4.4,6.4,Tidak
2023-01-15,30,34.4,26.4,66,7.2,6.4,Tidak
2023-01-16,28.8,32.4,26.4,68,3.5,6.1,Tidak
2023-01-17,27.7,29.4,26,77,5,6,Tidak
2023-01-18,27.9,31.6,25.8,76,4.8,6.4,Ya
2023-01-19,27.7,30.8,25.8,77,7.4,6.4,Tidak
2023-01-20,28.7,32.4,26,71,3.3,6.4,Tidak
2023-01-21,28.9,31.8,25,72,6.7,6.1,Tidak
2023-01-22,29.2,33.4,26.4,70,5.6,6.4,Tidak
2023-01-23,28.6,32.2,26,69,5.4,6.8,Tidak
2023-01-24,29,34,26,69,6.1,6.4,Tidak
2023-01-25,27.1,30.2,25,78,4.4,6,Ya
2023-01-26,27.6,30.3,26.2,78,4.3,6.3,Ya
2023-01-27,27.2,29.6,24.6,81,4.8,6,Ya
2023-01-28,25.8,28.8,24.5,91,0.9,6,Ya
2023-01-29,27.4,29.2,24,81,4.6,5.8,Ya
2023-01-30,28.3,30.2,25,73,3.7,6,Tidak
2023-01-31,27.9,29.2,26.4,79,4.8,6.8,Tidak
2023-02-01,26.9,30.2,24.6,87,1.7,6,Ya
2023-02-02,-,-,-,-,-,-,Ya
2023-02-03,27.2,31,23.2,81,2.6,6,Ya
2023-02-04,28.1,30.2,24,79,6.3,6.4,Tidak
2023-02-05,29.2,33.6,26.2,68,5.6,6.3,Ya
2023-02-06,29.3,33.4,25,66,4.8,6.1,Tidak
2023-02-07,27.2,30.2,23.7,83,5.4,6.1,Ya
2023-02-08,27.8,32.2,25.2,77,3.7,6.3,Ya
2023-02-09,27.4,31.8,25.2,72,3.7,6.3,Ya
2023-02-10,27.8,31.4,25,79,4.4,5.8,Ya
2023-02-11,26.6,29.4,23.8,87,5.6,5.6,Ya
2023-02-12,25.6,28.6,23.8,87,5.2,6.4,Ya
2023-02-13,27.3,30.8,24.2,79,3.5,6,Ya
2023-02-14,27.9,30.8,24,74,9.3,6.1,Ya
2023-02-15,27.7,31,25.8,75,5.7,6.4,Ya
2023-02-16,27.2,31.2,25.8,81,5.6,6,Ya
2023-02-17,27.2,29.8,25,79,3,6.4,Tidak
2023-02-18,27.7,30.4,25.4,83,6.7,6.1,Ya
2023-02-19,27.8,30.2,25.8,80,3.7,6.4,Ya
2023-02-20,28.2,32.6,26,75,3,6.3,Ya
2023-02-21,27.2,31.6,25,79,3,6.1,Ya
2023-02-22,27.3,30.8,24.4,83,4.8,5.8,Ya
2023-02-23,26.7,30.4,24.6,87,4.6,6.1,Ya
2023-02-24,25.9,29.8,24.4,93,4.4,5.6,Ya
2023-02-25,27,29.4,24.6,83,10,6,Ya
2023-02-26,26.6,29.6,24.6,89,4.4,6.3,Ya
2023-02-27,27.4,30,24.8,80,3.5,6,Ya
2023-02-28,27,31.6,24.8,82,3.7,6.1,Ya
2023-03-01,26.2,29.8,24.6,89,5.6,6,Ya
2023-03-02,25.4,27,23.4,88,3.5,5.5,Ya
2023-03-03,26.2,31.8,25,84,4.1,5.6,Ya
2023-03-04,26.9,29.6,24.8,82,4.4,6.4,Tidak
2023-03-05,27.4,29.6,25,84,1.3,6,Ya
2023-03-06,28.5,31.3,24,71,5.7,6.4,Tidak
2023-03-07,28.1,31.2,25.2,73,6.1,6.1,Ya
2023-03-08,26.7,29.2,25.6,86,1.5,6.4,Ya
2023-03-09,27.3,31.6,24.8,82,3.9,6.4,Ya
2023-03-10,28,31.6,24,77,3.3,6.4,Ya
2023-03-11,29.1,33.6,25.9,74,2.6,6.4,Tidak
2023-03-12,28,30.8,25.8,78,4.4,6.4,Tidak
2023-03-13,28.8,32.2,25.6,71,4.8,6.4,Tidak
2023-03-14,27.3,31.8,24.2,82,5.7,6,Tidak
2023-03-15,26.1,28.4,24.4,88,3,6,Ya
2023-03-16,28.1,31.2,24.4,79,33.9,6.4,Tidak
2023-03-17,28.8,32.4,25.2,68,7.2,6.4,Tidak
2023-03-18,28.7,32.6,23.8,78,3.5,6.4,Tidak
2023-03-19,28.8,32,26.4,80,5.4,6,Tidak
2023-03-20,28.4,32,25.8,75,6.3,6.4,Ya
2023-03-21,29.8,33.6,25.6,65,3.7,6.4,Ya
2023-03-22,29.6,32.6,25,75,0.4,6.4,Tidak
2023-03-23,29.7,33.8,27.2,73,4.1,6.3,Tidak
2023-03-24,29.4,32,27.2,76,3.7,6.4,Tidak
2023-03-25,27,33.8,24.8,87,4.8,5.8,Ya
2023-03-26,27.8,30.6,24,81,2.6,6.3,Tidak
2023-03-27,27.9,32.4,26.2,83,5,6.1,Tidak
2023-03-28,27.3,29.6,25.9,86,1.7,6.3,Tidak
2023-03-29,27,32.6,24.6,80,4.3,6,Ya
2023-03-30,27.6,31.8,24,85,2.6,6.1,Ya
2023-03-31,29.2,33.2,25,63,7.2,6,Tidak
2023-04-01,27.7,31,26.2,77,7.4,6.3,Ya
2023-04-02,28.4,33,25.2,76,3.7,6.3,Tidak
2023-04-03,28.5,32.6,24.6,72,4.8,6.4,Ya
2023-04-04,28.7,31.6,25,72,3,6.4,Tidak
2023-04-05,29.2,33.2,25.8,66,0.7,6.4,Tidak
2023-04-06,30.2,34.8,26.6,52,5.6,6.4,Tidak
2023-04-07,29.2,32.4,26,67,3.7,6.4,Tidak
2023-04-08,29.2,33.2,26.6,71,2.6,6.6,Tidak
2023-04-09,29.3,32.8,27,71,5.9,6.4,Tidak
2023-04-10,28.8,33,26.8,73,8.3,6.4,Tidak
2023-04-11,29.3,33.8,24.8,69,11.9,6.1,Ya
2023-04-12,29.5,34.8,26.8,65,9.4,6.6,Tidak
2023-04-13,29.5,33.4,26.6,70,4.3,6,Tidak
2023-04-14,28.2,33.4,26,81,7.4,6.1,Ya
2023-04-15,28.9,32,25,77,4.6,6.3,Ya
2023-04-16,28.6,33.4,25.8,79,2.2,6.4,Ya
2023-04-17,29.7,33.4,26.7,74,1.1,6.4,Ya
2023-04-18,29.2,33.4,26,78,2.6,6.4,Ya
2023-04-19,28.6,34.4,25,79,2.8,5.8,Ya
2023-04-20,29.1,34.2,25.6,79,1.1,6,Ya
2023-04-21,29.5,33.6,26.6,76,1.9,6.3,Tidak
2023-04-22,30.2,33.8,25,75,3.3,6.4,Tidak
2023-04-23,29.6,34,26.6,77,5.2,6.4,Ya
2023-04-24,29.2,34.2,25.8,78,4.6,6.3,Ya
2023-04-25,28.8,32,25.8,79,0.9,6.6,Tidak
2023-04-26,29.1,33.2,26.4,78,4.4,6.3,Tidak
2023-04-27,30,32.8,27,76,3.1,6.8,Tidak
2023-04-28,29.6,32.8,27.4,78,5.6,6.4,Tidak
2023-04-29,29.5,32.6,26,76,3.9,6.4,Tidak
2023-04-30,29.8,33,25,76,4.1,6.4,Tidak
2023-05-01,28.8,31,27.2,82,2.6,6.4,Tidak
2023-05-02,29.4,34.4,27.4,81,3.3,6.1,Ya
2023-05-03,29.5,33.4,26.6,79,3.1,6.4,Ya
2023-05-04,29.8,32.4,26.4,75,3.3,6.6,Tidak
2023-05-05,28.6,33.4,26,80,2.4,6,Ya
2023-05-06,29.5,33.2,26,76,0,6,Tidak
2023-05-07,28.6,33.2,26.4,82,5,6.1,Ya
2023-05-08,28.7,32.8,26.4,78,5,6.3,Tidak
2023-05-09,30.4,34.2,26.4,75,3.7,6.4,Tidak
2023-05-10,30.7,34,27.2,73,1.9,6.4,Tidak
2023-05-11,29.1,32.8,28.2,77,3.7,6.6,Tidak
2023-05-12,30.8,34.6,28,71,4.4,6.4,Tidak
2023-05-13,29.1,33.8,26.2,79,3,6.4,Ya
2023-05-14,29.5,33.2,26.2,68,3.1,6.4,Tidak
2023-05-15,29.5,32.4,26.2,71,2.8,6.4,Tidak
2023-05-16,30,33.6,26.8,69,1.7,6.4,Tidak
2023-05-17,30.3,33.6,27.4,68,5.4,6.4,Tidak
2023-05-18,29.1,32,27.6,76,2.4,6.4,Tidak
2023-05-19,29.7,33.2,27.2,74,6.7,6.3,Tidak
2023-05-20,29.6,33,27.4,76,5.9,6.4,Tidak
2023-05-21,29.2,33.8,26.8,78,3.5,6.3,Ya
2023-05-22,29.4,33.2,26.6,76,1.3,6.3,Tidak
2023-05-23,29.5,33.6,27.2,72,2,6.4,Tidak
2023-05-24,29.6,33.4,27,74,1.9,6.4,Tidak
2023-05-25,29.8,33.2,27.4,71,3.1,6.3,Tidak
2023-05-26,30.2,33.8,27.4,70,4.8,6.4,Tidak
2023-05-27,28.8,33.4,26.2,78,1.5,6.1,Ya
2023-05-28,29.3,32.6,25.8,77,3.5,6.4,Tidak
2023-05-29,29.8,32.6,25.8,74,1.9,6.4,Tidak
2023-05-30,29.6,32.8,27.6,74,6.7,6.4,Tidak
2023-05-31,29.8,32.4,27.2,73,3.3,6.4,Tidak
2023-06-01,29.7,32,26.6,72,5.7,6.4,Tidak
2023-06-02,30.2,34.4,26,72,2.6,6.4,Tidak
2023-06-03,30.1,33.8,27,71,3.7,6.4,Tidak
2023-06-04,29.6,32.8,27.6,74,2.8,6.3,Tidak
2023-06-05,29.6,33.6,27.2,75,4.6,6.4,Ya
2023-06-06,27.7,31.6,26,83,1.9,6,Ya
2023-06-07,29.6,33.8,26,72,3.9,6.4,Tidak
2023-06-08,29.7,33.4,26.8,72,6.1,6.4,Tidak
2023-06-09,29.9,34,26.4,72,3.5,6.4,Tidak
2023-06-10,29.6,32.4,27.2,73,5,6.4,Tidak
2023-06-11,29.2,31.2,26.6,71,1.7,6.3,Tidak
2023-06-12,29.8,33.8,26.2,73,3.9,6.4,Tidak
2023-06-13,30.4,34.4,26.8,73,2.4,6.4,Tidak
2023-06-14,29.8,33.2,26,74,2.4,6.1,Tidak
2023-06-15,29.3,33.4,25.6,75,4.1,6.3,Tidak
2023-06-16,25.8,32.2,25.4,92,0,6,Ya
2023-06-17,28.1,32,24.7,79,4.3,6.4,Tidak
2023-06-18,28.8,32,25.4,80,5.7,6.3,Tidak
2023-06-19,27.1,31.2,25.6,87,3.1,5.8,Ya
2023-06-20,29.5,33.2,25.2,74,1.5,6.4,Tidak
2023-06-21,29.6,33,25.8,78,2.2,6,Ya
2023-06-22,29.5,33.6,26.6,76,2.6,6.1,Ya
2023-06-23,29.5,33.2,26.4,75,6.5,6.4,Tidak
2023-06-24,28.7,32,26,79,3.9,6.3,Ya
2023-06-25,28,32,26,82,2.6,6.4,Tidak
2023-06-26,28.7,31.8,25.2,77,2.2,6.3,Tidak
2023-06-27,28.8,32.2,26.6,74,5.9,6.4,Tidak
2023-06-28,29.5,33.6,25.8,71,0.9,6.4,Ya
2023-06-29,29,33,25.2,75,4.8,6.4,Tidak
2023-06-30,29.9,33.2,27.4,72,6.3,6.4,Tidak
2023-07-01,29.3,32,25,76,2.8,6.4,Tidak
2023-07-02,29,32.4,27.2,77,5.2,6.4,Tidak
2023-07-03,29.3,32.2,26.8,74,4.6,6.4,Tidak
2023-07-04,29.4,33,24.6,72,3.9,6.4,Tidak
2023-07-05,29.8,33.4,26.4,72,3.9,6.4,Tidak
2023-07-06,27.8,30.2,26.4,84,1.1,6.4,Ya
2023-07-07,27.1,31.8,25.4,84,1.7,6.1,Ya
2023-07-08,28.3,32,25.4,79,4.4,6.4,Tidak
2023-07-09,29.3,33.2,25.4,71,7,6.3,Tidak
2023-07-10,29.5,33,26.2,72,3.7,6.4,Tidak
2023-07-11,29.6,33.2,26.4,72,2.6,6.4,Tidak
2023-07-12,29.3,32,26,73,2.8,6.3,Tidak
2023-07-13,29.2,32.6,26.8,71,4.8,6.3,Tidak
2023-07-14,29.3,36.6,26.4,71,2.6,6.4,Tidak
2023-07-15,29.2,32.6,26,73,5.7,6.4,Tidak
2023-07-16,29.4,32.8,25.6,71,2.2,6,Tidak
2023-07-17,29.4,33.4,26.4,67,2.4,6.4,Tidak
2023-07-18,29.1,33.2,25.8,65,2,6.4,Tidak
2023-07-19,29.4,34.6,25.6,60,3,6.4,Tidak
2023-07-20,28.7,32.4,25.2,62,2.6,6.3,Tidak
2023-07-21,29,33.6,25.4,69,4.6,6.4,Tidak
2023-07-22,29.3,32.8,26.2,68,3.7,6.4,Tidak
2023-07-23,29.3,33.6,26,71,4.8,6.4,Tidak
2023-07-24,28.6,32,26.4,78,3.9,6.3,Tidak
2023-07-25,28.5,30.8,26,77,1.5,6,Tidak
2023-07-26,28.3,30.8,26,75,5.2,6.4,Tidak
2023-07-27,28.8,32.6,26.4,71,2,6.3,Tidak
2023-07-28,29.2,33.2,25,65,3.7,6.4,Tidak
2023-07-29,28.9,32.8,26,67,7.2,6.4,Tidak
2023-07-30,28.7,33.2,25.2,65,6.7,6.4,Tidak
2023-07-31,28.7,33,24.6,65,2.6,6.3,Tidak
2023-08-01,29.3,33.2,24,69,9.3,6.4,Tidak
2023-08-02,29.2,32.4,26,75,6.3,6.4,Tidak
2023-08-03,29.8,33.6,26.8,73,3.9,6.4,Tidak
2023-08-04,29.6,34.2,27.2,72,5.2,6.4,Tidak
2023-08-05,29.3,33,26.6,69,3.1,6.3,Tidak
2023-08-06,29.2,33.4,26.4,73,6.7,6.4,Tidak
2023-08-07,29.4,32.6,26.2,73,5.6,6.6,Tidak
2023-08-08,29.3,34,26.4,75,8.3,6.4,Tidak
2023-08-09,29.1,33,26,73,2.6,6.4,Tidak
2023-08-10,28.9,32,25.8,73,7.2,6.4,Tidak
2023-08-11,28.8,31.5,26.4,73,5.7,6.3,Tidak
2023-08-12,-,-,-,-,-,-,Ya
2023-08-13,29,32.4,26.4,71,4.4,5.8,Tidak
2023-08-14,28.9,32.8,25.8,70,5.4,6,Tidak
2023-08-15,29,32.2,26,71,5.2,6.4,Tidak
2023-08-16,29.1,33.6,26.4,69,3,6,Tidak
2023-08-17,28.8,32.4,25,66,5.6,6.3,Tidak
2023-08-18,28.7,32.4,25.8,70,4.6,6.4,Tidak
2023-08-19,29.2,33,26.2,70,6.1,6.4,Tidak
2023-08-20,29.6,34.8,26.4,71,2.6,6.4,Tidak
2023-08-21,29.3,33.4,25,68,2.2,6.4,Tidak
2023-08-22,29.2,32.2,26,66,7.4,6.8,Tidak
2023-08-23,29.2,32.6,26.2,68,5.6,6.4,Tidak
2023-08-24,29.4,33.6,26,69,2.2,6.4,Tidak
2023-08-25,29.3,33,26,74,0,6.4,Tidak
2023-08-26,29.3,32.2,27,74,4.1,6.4,Tidak
2023-08-27,28.7,32.2,26.4,76,2.6,6.1,Ya
2023-08-28,28.7,33.6,25.6,69,1.5,6.3,Tidak
2023-08-29,29,33.2,25,71,0,6.4,Tidak
2023-08-30,28.6,32.2,25.8,72,6.5,6.4,Tidak
2023-08-31,28.6,31.4,25.2,71,4.8,6.4,Tidak
2023-09-01,28.6,31.2,25.4,71,2.6,6.3,Tidak
2023-09-02,29.1,31.6,25,69,5,6.3,Tidak
2023-09-03,-,-,-,-,-,-,Ya
2023-09-04,28.4,33.4,24.2,63,6.1,6.1,Tidak
2023-09-05,28.9,33.6,24.6,62,3,6.4,Tidak
2023-09-06,29.3,33.4,25.2,64,1.1,6.4,Tidak
2023-09-07,29,32.6,26,71,3.1,6.8,Tidak
2023-09-08,29.5,33.2,26.6,72,3.3,6.4,Tidak
2023-09-09,29.3,33,26.6,69,3.9,6.4,Tidak
2023-09-10,28.7,31.8,26.2,68,2.8,6.4,Tidak
2023-09-11,29.1,32.6,26.6,65,3.9,6.4,Tidak
2023-09-12,30.1,34.4,26.2,64,3.7,6.4,Tidak
2023-09-13,29.8,33,26.6,63,1.3,6.3,Tidak
2023-09-14,29.4,33.6,25,64,6.7,6.3,Tidak
2023-09-15,29.7,34.2,26,62,3.1,6.6,Tidak
2023-09-16,29.6,33.4,26.4,69,3.7,6.4,Tidak
2023-09-17,29.8,33,26.6,67,5.2,6.4,Tidak
2023-09-18,29.6,32.4,26.8,72,6.7,6.3,Tidak
2023-09-19,30.3,32.6,27.4,69,2.6,6.9,Tidak
2023-09-20,30,32.8,27.8,71,1.7,6.4,Tidak
2023-09-21,29.3,33.4,27.2,70,2.8,6.4,Tidak
2023-09-22,29.2,32.6,25,67,3.9,6.4,Tidak
2023-09-23,28.9,32.6,26.4,68,3.1,6.4,Tidak
2023-09-24,28.8,32.2,26.5,69,1.1,6,Tidak
2023-09-25,29.9,34.2,25.6,63,4.6,6.4,Tidak
2023-09-26,29.8,34,25,62,2.6,6.4,Tidak
2023-09-27,30.2,35,26,54,3.1,6.6,Tidak
2023-09-28,30.6,35,26.8,56,3.1,6.4,Tidak
2023-09-29,31,36.8,26.8,56,3.7,6.4,Tidak
2023-09-30,29.6,32.4,25.6,69,3.9,6.4,Tidak
2023-10-01,29.1,32.8,26.6,71,3,6.3,Tidak
2023-10-02,29.4,33,26.8,67,6.5,6.9,Tidak
2023-10-03,29.5,34.2,26.6,69,4.1,6.4,Tidak
2023-10-04,29.5,33,25,72,2,6.4,Tidak
2023-10-05,30.2,34,27.2,71,3,6.4,Tidak
2023-10-06,29.7,32.4,27.6,73,5.7,6.9,Tidak
2023-10-07,29.8,33.6,26.4,73,4.8,6.4,Tidak
2023-10-08,30.1,33.4,26,69,4.8,6.4,Tidak
2023-10-09,30.4,34.6,27,69,5.4,6.3,Tidak
2023-10-10,30.6,34.9,27.8,67,4.4,6.4,Tidak
2023-10-11,30.3,33.8,27.6,69,4.6,6.4,Tidak
2023-10-12,30.8,35.2,28,69,5,6.4,Tidak
2023-10-13,30.3,35,28,69,7.2,6.4,Tidak
2023-10-14,30.5,33.6,28,66,5.9,6.4,Tidak
2023-10-15,30.8,36,27.4,61,4.8,6.4,Tidak
2023-10-16,30.7,35,27.6,68,6.9,6.4,Tidak
2023-10-17,31.8,36.6,28,57,5,6.4,Tidak
2023-10-18,30.6,33.4,26,62,3.9,6.4,Tidak
2023-10-19,30.6,34.8,27.6,66,4.6,6.4,Tidak
2023-10-20,30,33,26,71,5.9,6.3,Tidak
2023-10-21,30.4,34.6,28,68,3.5,6.4,Tidak
2023-10-22,30.4,33.4,27.8,65,2,6.4,Tidak
2023-10-23,30.1,34,27.6,67,2,6.4,Tidak
2023-10-24,29.3,33,26,72,4.8,6.4,Tidak
2023-10-25,29.4,33,26.4,71,6.3,6.4,Tidak
2023-10-26,30.2,33.6,27.2,69,5,6.4,Tidak
2023-10-27,30.3,33.5,27,68,2.8,6.4,Tidak
2023-10-28,30.4,33.4,27,67,2.6,6.4,Tidak
2023-10-29,29.9,34,27,69,3.1,6.3,Tidak
2023-10-30,30.7,33.8,27,66,2.8,6.6,Tidak
2023-10-31,30,33,27,73,1.5,6.4,Tidak
2023-11-01,29.7,33.2,27,72,4.4,6.4,Tidak
2023-11-02,30.3,33.4,27.6,70,3.5,6.4,Tidak
2023-11-03,30.1,33.4,27.8,70,4.8,6.4,Tidak
2023-11-04,28.6,32.6,25,78,3.1,6,Ya
2023-11-05,28.7,32.6,24.4,80,3.1,6,Tidak
2023-11-06,30.2,33.4,25,73,0,6.3,Tidak
2023-11-07,30.3,33.4,27.4,72,5,6.4,Tidak
2023-11-08,30.4,33.6,27.6,72,3.5,6.4,Tidak
2023-11-09,29.6,32.6,27,73,4.3,6.4,Tidak
2023-11-10,28.8,33.4,26.2,80,5.4,5.8,Ya
2023-11-11,29.3,33.2,26.2,76,3.1,6,Tidak
2023-11-12,30.1,34,27.6,70,2.2,6.4,Tidak
2023-11-13,31.3,35.6,26,66,4.3,6.4,Ya
2023-11-14,30.3,34.4,26.8,74,6.1,6.1,Ya
2023-11-15,29.5,33.4,25.2,75,2.8,6.3,Tidak
2023-11-16,29.9,34.2,26.2,74,6.9,6.4,Ya
2023-11-17,29.8,33.4,26,75,6.5,6.4,Ya
2023-11-18,29.2,33,27,74,2,5.5,Ya
2023-11-19,29.4,33.4,26,79,3.1,6.4,Ya
2023-11-20,30.2,34.2,26,70,5.4,6.4,Tidak
2023-11-21,30.1,33.6,26.1,72,5.2,6.3,Ya
2023-11-22,29.9,33.6,26,74,5.7,6.3,Ya
2023-11-23,29.1,32.2,27.4,78,3.5,6,Tidak
2023-11-24,28.5,32.8,26.6,82,4.8,6.3,Ya
2023-11-25,26.1,29.6,25,90,1.7,6,Ya
2023-11-26,29.1,32.8,24.8,76,4.6,5.6,Tidak
2023-11-27,28.2,32.2,26.4,78,4.6,6,Tidak
2023-11-28,29.6,33,26.4,73,0.7,6.4,Tidak
2023-11-29,29.6,34.2,26,76,1.9,6.3,Ya
2023-11-30,28.3,32.6,25.8,80,5,6.3,Ya
2023-12-01,26.6,30.4,26,89,2.6,6,Ya
2023-12-02,29.4,33,25.8,74,4.4,5.6,Tidak
2023-12-03,28.8,31.8,26,77,4.4,6.4,Ya
2023-12-04,26.8,29,25.2,86,0.7,6,Ya
2023-12-05,29.3,32.4,24.8,74,3.7,6.4,Tidak
2023-12-06,29.4,33.4,26.2,74,4.8,6.4,Tidak
2023-12-07,29.2,31.2,27.2,79,2.6,6.1,Tidak
2023-12-08,29.2,32.6,26.4,76,4.3,6,Tidak
2023-12-09,29,32.4,26.6,77,4.8,6.4,Tidak
2023-12-10,29.2,32,26.8,76,3.1,6.4,Tidak
2023-12-11,29.9,33,26.8,73,7.8,6.4,Tidak
2023-12-12,29.4,31.8,27,72,5.7,6.3,Tidak
2023-12-13,29.8,33,26.4,72,8,6.4,Tidak
2023-12-14,30.6,33.8,26.8,69,4.4,6.4,Tidak
2023-12-15,30.4,33.4,25,65,7.2,6.4,Tidak
2023-12-16,30.4,33.2,26.4,64,5.2,6.4,Tidak
2023-12-17,30.5,34.8,26.4,66,7.6,6.4,Tidak
2023-12-18,30.6,34.2,26.8,67,4.6,6.4,Tidak
2023-12-19,30.2,34.4,25.9,62,6.3,6.4,Tidak
2023-12-20,30.3,35.6,25.8,56,1.5,6.4,Tidak
2023-12-21,29.8,34.6,25.4,62,5,6.4,Tidak
2023-12-22,30,33.2,26.2,66,3.1,6.4,Tidak
2023-12-23,31,33.8,26,64,3.9,6.4,Tidak
2023-12-24,30.6,33.6,27.4,70,6.5,5.8,Tidak
2023-12-25,28.6,32.2,25.8,78,6.1,5.6,Ya
2023-12-26,28.4,31,25.2,80,0,6,Tidak
2023-12-27,28.6,33.2,26.4,80,5.9,6.3,Ya
2023-12-28,29.8,33.2,26.6,76,1.5,6.4,Tidak
2023-12-29,29.3,33,27,79,2.6,6.4,Ya
2023-12-30,29.2,32.6,26.4,79,5.4,6.4,Tidak
2023-12-31,28.6,32.2,26.4,78,4.6,5.3,Tidak
